Nama,Jenis Transaksi,Jumlah (Rp),Tanggal Transaksi,Lokasi,Jumlah (USD)
Pelanggan1,Deposit,12998016.0,2021-10-06,Medan,928.4297142857143
Pelanggan1,Transfer,11078873.0,2020-03-22,LokasiSalah,791.3480714285714
Pelanggan7,Transfer,4950465.0,,Medan,353.60464285714284
Pelanggan10,Tarik Tunai,36860206.0,2021-03-04,LokasiSalah,2632.871857142857
Pelanggan6,Transfer,27827845.0,2020-08-31,Yogyakarta,1987.7032142857142
Pelanggan5,Deposit,,2021-04-09,Medan,
Pelanggan8,Tarik Tunai,28278140.0,2022-11-09,Bandung,2019.8671428571429
Pelanggan2,,5235981.0,2022-08-08,LokasiSalah,373.99864285714284
Pelanggan9,Deposit,29644498.0,2020-03-15,TidakDiketahui,2117.4641428571426
Pelanggan3,Tarik Tunai,30957797.0,2022-02-18,TidakDiketahui,2211.2712142857144
Pelanggan1,Transfer,35349726.0,2022-05-11,TidakDiketahui,2524.9804285714285
Pelanggan10,Deposit,-25959567.0,2022-03-29,Bandung,-1854.2547857142856
Pelanggan3,Transfer,27363921.0,2022-10-01,Medan,1954.5657857142858
Pelanggan8,Transfer,47383120.0,2022-06-06,TidakDiketahui,3384.5085714285715
Pelanggan9,Deposit,43447949.0,not a date,LokasiSalah,3103.4249285714286
Pelanggan9,Transfer,12760575.0,2021-05-21,LokasiSalah,911.4696428571428
Pelanggan4,Deposit,22535197.0,2022-03-29,Yogyakarta,1609.6569285714286
Pelanggan8,Transfer,41449739.0,2021-10-28,Medan,2960.695642857143
Pelanggan7,Tarik Tunai,1829819.0,,TidakDiketahui,130.70135714285715
Pelanggan3,Tarik Tunai,37357805.0,2022-03-23,TidakDiketahui,2668.414642857143
Pelanggan10,Tarik Tunai,28099499.0,2022-03-13,Jakarta,2007.1070714285713
Pelanggan4,Transfer,17737720.0,2022-10-07,Jakarta,1266.98
Pelanggan7,Deposit,18604878.0,2022-11-14,Jakarta,1328.9198571428572
Pelanggan2,Tarik Tunai,7059517.0,2020-03-11,LokasiSalah,504.2512142857143
Pelanggan5,Transfer,25607387.0,2022-10-15,Jakarta,1829.0990714285715
Pelanggan8,Deposit,19709237.0,2022-06-18,LokasiSalah,1407.802642857143
Pelanggan6,Tarik Tunai,39737555.0,2021-02-15,,2838.3967857142857
Pelanggan4,Tarik Tunai,35843239.0,2021-04-27,TidakDiketahui,2560.231357142857
Pelanggan1,,8618683.0,2020-03-30,Bandung,615.6202142857143
Pelanggan3,Transfer,18882056.0,2021-12-24,Bandung,1348.7182857142857
Pelanggan3,Tarik Tunai,33949289.0,2020-08-23,Bandung,2424.9492142857143
Pelanggan5,Deposit,,2020-08-06,LokasiSalah,
Pelanggan3,Tarik Tunai,8675025.0,2020-03-29,LokasiSalah,619.6446428571429
Pelanggan9,Transfer,14930051.0,,Bandung,1066.4322142857143
Pelanggan7,Transfer,-24112947.0,2021-06-09,Yogyakarta,-1722.3533571428572
Pelanggan5,Deposit,28656909.0,2020-11-12,TidakDiketahui,2046.9220714285714
Pelanggan3,Deposit,,2020-05-16,Jakarta,
,Transfer,33249324.0,2020-09-08,Surabaya,2374.9517142857144
Pelanggan1,Tarik Tunai,21196355.0,2020-08-17,Medan,1514.025357142857
Pelanggan4,Tarik Tunai,43148125.0,2020-03-07,Bandung,3082.0089285714284
Pelanggan7,Tarik Tunai,26223844.0,2020-12-26,Medan,1873.1317142857142
Pelanggan8,Transfer,1791526.0,2020-06-08,Surabaya,127.96614285714286
Pelanggan1,Transfer,,2022-06-18,LokasiSalah,
Pelanggan9,Tarik Tunai,3821457.0,2020-12-29,Yogyakarta,272.9612142857143
Pelanggan9,Deposit,22338232.0,2022-07-24,TidakDiketahui,1595.588
Pelanggan7,Tarik Tunai,40786172.0,2022-02-23,Surabaya,2913.298
Pelanggan1,Transfer,47114616.0,2021-07-30,TidakDiketahui,3365.329714285714
Pelanggan1,Deposit,776788.0,2021-08-10,Jakarta,55.484857142857145
Pelanggan4,Tarik Tunai,18728196.0,2020-12-29,Surabaya,1337.7282857142857
Pelanggan8,Tarik Tunai,41457857.0,2020-12-02,TidakDiketahui,2961.2755
Pelanggan5,Tarik Tunai,27425389.0,,Yogyakarta,1958.956357142857
Pelanggan7,Deposit,,2020-02-01,,
Pelanggan7,Transfer,8594135.0,2021-10-08,Surabaya,613.8667857142857
,Tarik Tunai,44117422.0,2020-11-27,Jakarta,3151.2444285714287
Pelanggan6,Deposit,41412630.0,2020-03-24,Surabaya,2958.045
Pelanggan2,Transfer,49205564.0,2020-04-01,Jakarta,3514.6831428571427
Pelanggan5,Deposit,16254007.0,2022-03-10,Jakarta,1161.0005
Pelanggan3,Deposit,44019917.0,2021-01-14,TidakDiketahui,3144.279785714286
Pelanggan2,Deposit,26515146.0,2021-03-11,Bandung,1893.939
,Transfer,45170493.0,2020-06-27,LokasiSalah,3226.4637857142857
Pelanggan4,Tarik Tunai,19060922.0,2020-09-27,TidakDiketahui,1361.4944285714287
Pelanggan7,Transfer,10609837.0,2020-04-15,Bandung,757.8455
Pelanggan3,Transfer,881784.0,2020-03-16,LokasiSalah,62.98457142857143
Pelanggan9,Deposit,12904057.0,2021-01-20,Jakarta,921.7183571428571
Pelanggan5,Deposit,10171806.0,2022-01-19,LokasiSalah,726.5575714285715
,Deposit,18089339.0,2021-10-05,Yogyakarta,1292.0956428571428
Pelanggan8,Transfer,37832683.0,2020-05-17,LokasiSalah,2702.3345
Pelanggan10,Transfer,19768812.0,2022-09-18,LokasiSalah,1412.058
Pelanggan3,Transfer,38183366.0,2022-03-10,LokasiSalah,2727.3832857142856
Pelanggan6,Tarik Tunai,41108915.0,2020-12-20,Yogyakarta,2936.3510714285712
Pelanggan7,Tarik Tunai,3906473.0,2021-06-15,Bandung,279.0337857142857
Pelanggan6,Transfer,3976779.0,2021-05-06,TidakDiketahui,284.05564285714286
Pelanggan6,Tarik Tunai,37459859.0,2020-02-12,LokasiSalah,2675.7042142857144
Pelanggan6,Deposit,7366845.0,2021-09-23,Jakarta,526.2032142857142
Pelanggan7,Transfer,47392449.0,2020-09-24,TidakDiketahui,3385.1749285714286
Pelanggan10,Transfer,42908241.0,2020-04-17,LokasiSalah,3064.874357142857
Pelanggan2,,13942052.0,2020-05-19,Yogyakarta,995.8608571428572
Pelanggan10,Transfer,41918852.0,2022-06-04,TidakDiketahui,2994.2037142857143
Pelanggan10,Deposit,40929501.0,2020-01-27,Medan,2923.535785714286
Pelanggan10,Tarik Tunai,15288366.0,2020-11-30,TidakDiketahui,1092.0261428571428
Pelanggan8,Tarik Tunai,,2020-06-07,Jakarta,
Pelanggan4,Deposit,38168717.0,2020-09-08,LokasiSalah,2726.3369285714284
Pelanggan1,Transfer,24541704.0,2020-03-25,Medan,1752.9788571428571
Pelanggan1,Transfer,2535579.0,2021-10-20,Bandung,181.1127857142857
Pelanggan6,Tarik Tunai,10042104.0,2022-11-22,LokasiSalah,717.2931428571428
,Tarik Tunai,32867246.0,2022-09-26,Medan,2347.6604285714284
Pelanggan3,Deposit,,2022-01-27,Medan,
Pelanggan9,,1740714.0,2020-06-22,Yogyakarta,124.33671428571428
Pelanggan5,Deposit,46897428.0,2022-12-25,Surabaya,3349.8162857142856
Pelanggan9,Deposit,46611971.0,,Jakarta,3329.4265
Pelanggan2,Transfer,31356148.0,2020-07-13,Jakarta,2239.724857142857
Pelanggan7,Tarik Tunai,,2021-05-06,TidakDiketahui,
Pelanggan2,Tarik Tunai,17322369.0,2020-02-17,Surabaya,1237.3120714285715
Pelanggan4,Transfer,19014080.0,2020-10-21,Surabaya,1358.1485714285714
Pelanggan1,,40236283.0,2020-01-22,Medan,2874.0202142857142
Pelanggan1,Deposit,40179031.0,2020-06-02,Yogyakarta,2869.930785714286
Pelanggan8,Transfer,17468010.0,2020-05-27,Surabaya,1247.715
Pelanggan6,Transfer,18942352.0,2022-03-22,Surabaya,1353.0251428571428
Pelanggan9,Tarik Tunai,14122906.0,2020-01-28,Yogyakarta,1008.779
Pelanggan6,Transfer,16258293.0,2022-12-18,Jakarta,1161.3066428571428
Pelanggan8,,26950259.0,2020-01-32,Surabaya,1925.0185
Pelanggan2,Transfer,16425640.0,2021-05-11,Medan,1173.26
Pelanggan9,Tarik Tunai,2983771.0,2022-11-28,Bandung,213.1265
,Deposit,48367274.0,,Yogyakarta,3454.8052857142857
Pelanggan3,Transfer,46666632.0,,Yogyakarta,3333.330857142857
Pelanggan10,,36228334.0,2022-01-03,Bandung,2587.738142857143
Pelanggan8,Deposit,5421782.0,,Surabaya,387.27014285714284
Pelanggan4,Deposit,2958474.0,2020-08-23,Medan,211.31957142857144
Pelanggan4,Deposit,48740681.0,2021-09-29,Bandung,3481.477214285714
Pelanggan3,Deposit,45170432.0,2022-05-13,Surabaya,3226.4594285714284
Pelanggan10,Transfer,24408776.0,2022-05-22,Yogyakarta,1743.484
Pelanggan2,Transfer,12189518.0,2020-03-07,Surabaya,870.6798571428571
Pelanggan7,Tarik Tunai,10813843.0,2020-02-11,Bandung,772.4173571428571
Pelanggan4,Tarik Tunai,22648921.0,2021-06-11,TidakDiketahui,1617.7800714285713
Pelanggan8,Deposit,44225294.0,2022-12-27,,3158.9495714285713
Pelanggan8,Transfer,44610945.0,2021-09-01,TidakDiketahui,3186.496071428571
Pelanggan10,Transfer,25791426.0,2020-01-12,Medan,1842.2447142857143
Pelanggan4,Transfer,670889.0,2021-06-20,Medan,47.92064285714286
Pelanggan9,Deposit,-37513631.0,2022-07-09,Yogyakarta,-2679.5450714285716
Pelanggan10,Deposit,,2022-12-28,TidakDiketahui,
Pelanggan1,Deposit,17957531.0,2022-05-17,LokasiSalah,1282.6807857142858
Pelanggan3,Deposit,49384517.0,2020-06-24,Jakarta,3527.4655
Pelanggan1,Tarik Tunai,44160846.0,2021-02-12,,3154.3461428571427
Pelanggan9,,13129709.0,2022-06-11,TidakDiketahui,937.8363571428572
Pelanggan10,Transfer,23654167.0,2020-09-24,Medan,1689.583357142857
Pelanggan5,Deposit,26128707.0,2022-12-04,Medan,1866.3362142857143
Pelanggan1,Deposit,40480243.0,2022-10-16,LokasiSalah,2891.445928571429
Pelanggan6,,17741255.0,,TidakDiketahui,1267.2325
Pelanggan10,Tarik Tunai,35996100.0,2021-04-01,Bandung,2571.15
,Deposit,26671324.0,2022-02-13,Medan,1905.0945714285715
Pelanggan9,Tarik Tunai,,2020-06-20,Medan,
,Deposit,36578599.0,2020-08-20,TidakDiketahui,2612.7570714285716
Pelanggan9,Transfer,10213420.0,2021-09-20,Medan,729.53
Pelanggan5,Transfer,1350560.0,2022-08-31,TidakDiketahui,96.46857142857142
Pelanggan9,Deposit,24803981.0,2021-07-14,Surabaya,1771.7129285714286
Pelanggan2,Transfer,13046212.0,2021-09-20,Jakarta,931.8722857142857
Pelanggan5,Deposit,1454280.0,2021-10-30,,103.87714285714286
,Deposit,28572059.0,2021-04-03,Bandung,2040.861357142857
Pelanggan10,Deposit,33944112.0,2021-06-19,Jakarta,2424.5794285714287
,Transfer,-1609380.0,2020-05-20,Jakarta,-114.95571428571428
Pelanggan2,Tarik Tunai,13874155.0,2020-09-07,Jakarta,991.0110714285714
Pelanggan4,Transfer,12197739.0,2020-12-04,TidakDiketahui,871.2670714285714
Pelanggan10,Deposit,5864190.0,2021-02-25,LokasiSalah,418.8707142857143
Pelanggan6,Deposit,23909800.0,2021-05-16,Yogyakarta,1707.8428571428572
Pelanggan2,Tarik Tunai,7199017.0,2022-05-11,TidakDiketahui,514.2155
Pelanggan3,Transfer,7174009.0,2021-04-24,Yogyakarta,512.4292142857142
Pelanggan6,Transfer,11353706.0,,Medan,810.979
Pelanggan3,,17133133.0,2022-06-20,,1223.7952142857143
Pelanggan8,Tarik Tunai,46319500.0,2022-09-23,Jakarta,3308.535714285714
Pelanggan4,Transfer,2084686.0,,Bandung,148.90614285714287
Pelanggan8,Tarik Tunai,46319500.0,2022-09-23,Jakarta,3308.535714285714
Pelanggan1,,20182438.0,2022-05-21,LokasiSalah,1441.6027142857142
,Deposit,1443516.0,2022-01-04,Bandung,103.10828571428571
Pelanggan5,Transfer,20756721.0,2020-08-10,Medan,1482.6229285714285
Pelanggan2,Deposit,44582039.0,2020-08-06,Jakarta,3184.431357142857
Pelanggan9,Tarik Tunai,5828830.0,2021-10-07,TidakDiketahui,416.345
Pelanggan4,Transfer,35924631.0,,Yogyakarta,2566.0450714285716
Pelanggan3,Deposit,23736989.0,2022-11-03,TidakDiketahui,1695.4992142857143
Pelanggan5,Deposit,49187031.0,2021-04-13,Yogyakarta,3513.3593571428573
Pelanggan7,Deposit,21567197.0,2020-09-05,Medan,1540.5140714285715
Pelanggan10,Transfer,41974061.0,2020-01-17,TidakDiketahui,2998.147214285714
Pelanggan1,Tarik Tunai,35770947.0,2022-07-27,,2555.067642857143
Pelanggan5,Tarik Tunai,-26580080.0,2020-07-09,TidakDiketahui,-1898.577142857143
Pelanggan4,Deposit,943096.0,2020-07-13,LokasiSalah,67.364
Pelanggan3,Deposit,3278105.0,2021-11-07,Medan,234.15035714285713
Pelanggan9,Transfer,2185160.0,2021-06-15,Bandung,156.08285714285714
Pelanggan7,Deposit,,2020-02-02,Yogyakarta,
Pelanggan9,Transfer,31815504.0,2021-11-24,Bandung,2272.536
Pelanggan1,Transfer,38590587.0,2020-05-10,Jakarta,2756.4705
Pelanggan10,Transfer,26454914.0,2022-09-01,Surabaya,1889.6367142857143
Pelanggan8,Tarik Tunai,46071618.0,2022-02-10,Medan,3290.8298571428572
Pelanggan9,Tarik Tunai,42188125.0,2020-01-19,Surabaya,3013.4375
Pelanggan10,Tarik Tunai,47412820.0,2021-06-15,Jakarta,3386.63
Pelanggan5,Deposit,27866857.0,2022-01-17,,1990.4897857142857
Pelanggan4,Deposit,30588780.0,2020-09-29,Surabaya,2184.9128571428573
Pelanggan10,Deposit,25480082.0,2020-11-27,,1820.0058571428572
Pelanggan1,Tarik Tunai,778352.0,2022-10-26,LokasiSalah,55.59657142857143
Pelanggan4,Deposit,42950200.0,2020-10-16,TidakDiketahui,3067.8714285714286
Pelanggan8,Deposit,16868225.0,2022-12-21,LokasiSalah,1204.8732142857143
Pelanggan2,,21919915.0,2020-02-19,LokasiSalah,1565.7082142857143
Pelanggan2,Transfer,40572616.0,2022-11-09,TidakDiketahui,2898.044
Pelanggan10,Transfer,9843508.0,2020-03-08,Yogyakarta,703.1077142857143
Pelanggan6,Tarik Tunai,1739981.0,2020-01-01,,124.28435714285715
Pelanggan7,Transfer,41942147.0,2021-05-27,Yogyakarta,2995.867642857143
Pelanggan9,Tarik Tunai,2983771.0,2022-11-28,Bandung,213.1265
Pelanggan10,Transfer,31699132.0,2021-09-17,Yogyakarta,2264.2237142857143
,Tarik Tunai,23722452.0,2020-01-15,,1694.460857142857
Pelanggan6,Deposit,44664682.0,2022-02-08,LokasiSalah,3190.3344285714284
Pelanggan8,Deposit,730783.0,2021-03-18,Medan,52.19878571428571
,Tarik Tunai,11013072.0,2020-08-27,LokasiSalah,786.648
Pelanggan3,Tarik Tunai,5624926.0,2020-08-04,TidakDiketahui,401.78042857142856
Pelanggan1,Transfer,26831587.0,2021-11-06,TidakDiketahui,1916.5419285714286
Pelanggan5,Tarik Tunai,39381157.0,2021-09-19,Medan,2812.939785714286
Pelanggan4,Transfer,48705346.0,2020-02-02,Jakarta,3478.953285714286
Pelanggan7,Deposit,34175576.0,2022-07-31,TidakDiketahui,2441.1125714285713
Pelanggan1,Tarik Tunai,15746481.0,2020-12-29,Bandung,1124.7486428571428
Pelanggan5,Transfer,5991164.0,2021-06-01,Jakarta,427.9402857142857
Pelanggan5,Tarik Tunai,14699375.0,,Medan,1049.955357142857
Pelanggan1,Transfer,14029315.0,2022-03-21,LokasiSalah,1002.0939285714286
Pelanggan10,Transfer,32589992.0,2021-05-25,Yogyakarta,2327.8565714285714
Pelanggan5,Deposit,2425273.0,2021-02-28,Jakarta,173.23378571428572
Pelanggan6,Tarik Tunai,15219816.0,2022-11-08,,1087.1297142857143
Pelanggan1,Deposit,45456434.0,2021-12-11,Bandung,3246.888142857143
Pelanggan8,Deposit,18500380.0,2022-12-25,Yogyakarta,1321.4557142857143
Pelanggan5,Tarik Tunai,44902879.0,2021-12-14,LokasiSalah,3207.3485
Pelanggan10,Transfer,26454914.0,2022-09-01,Surabaya,1889.6367142857143
Pelanggan7,Deposit,44760324.0,2022-02-19,Bandung,3197.166
Pelanggan8,Deposit,46259523.0,2022-01-30,TidakDiketahui,3304.251642857143
Pelanggan2,Transfer,1937778.0,2022-05-04,LokasiSalah,138.4127142857143
Pelanggan8,Transfer,36813853.0,2020-01-20,TidakDiketahui,2629.5609285714286
Pelanggan9,Deposit,-42523374.0,2022-02-15,LokasiSalah,-3037.3838571428573
Pelanggan7,Tarik Tunai,44387367.0,2020-09-28,TidakDiketahui,3170.526214285714
Pelanggan6,Deposit,8753826.0,2021-12-31,Bandung,625.2732857142857
Pelanggan3,Transfer,31592036.0,2021-03-05,Medan,2256.574
Pelanggan9,Deposit,15935647.0,2021-05-26,Surabaya,1138.2605
,Transfer,45082719.0,2022-12-09,Yogyakarta,3220.194214285714
Pelanggan5,Transfer,40919779.0,2020-07-22,Yogyakarta,2922.8413571428573
Pelanggan3,Deposit,45467999.0,2022-11-09,LokasiSalah,3247.714214285714
Pelanggan3,Transfer,39202083.0,2022-01-30,Bandung,2800.1487857142856
Pelanggan4,Tarik Tunai,4908271.0,2022-12-22,Yogyakarta,350.5907857142857
Pelanggan2,Tarik Tunai,9883060.0,2020-02-14,Yogyakarta,705.9328571428572
Pelanggan4,Transfer,39695437.0,2021-05-25,Jakarta,2835.3883571428573
Pelanggan3,Deposit,1031711.0,2020-03-19,Surabaya,73.69364285714286
Pelanggan1,Deposit,34624381.0,2020-06-03,LokasiSalah,2473.1700714285716
Pelanggan9,Tarik Tunai,12948687.0,2020-02-15,LokasiSalah,924.9062142857143
Pelanggan9,Deposit,,2020-01-22,Surabaya,
Pelanggan2,Transfer,6655318.0,2020-11-09,Jakarta,475.37985714285713
Pelanggan4,Tarik Tunai,26734362.0,2022-07-09,Medan,1909.5972857142858
Pelanggan2,Transfer,44624297.0,2022-04-07,Yogyakarta,3187.4497857142856
Pelanggan3,Transfer,20346368.0,2021-11-05,Medan,1453.312
Pelanggan9,Deposit,22358136.0,2020-12-30,Jakarta,1597.0097142857144
Pelanggan9,Deposit,,2020-01-22,Surabaya,
Pelanggan1,Tarik Tunai,9720011.0,2021-07-10,Jakarta,694.2865
Pelanggan2,Tarik Tunai,43918021.0,,Jakarta,3137.0015
Pelanggan4,Tarik Tunai,41524767.0,2020-08-30,Surabaya,2966.0547857142856
Pelanggan7,Transfer,34088337.0,2022-11-26,LokasiSalah,2434.881214285714
Pelanggan9,Transfer,43466270.0,2021-03-30,Yogyakarta,3104.7335714285714
Pelanggan8,Deposit,31333706.0,2022-10-04,Yogyakarta,2238.121857142857
Pelanggan10,Transfer,48390301.0,2020-07-07,Bandung,3456.4500714285714
Pelanggan5,Deposit,47553190.0,2022-10-24,Bandung,3396.6564285714285
Pelanggan9,Tarik Tunai,34557372.0,2020-11-29,,2468.383714285714
Pelanggan6,Transfer,11573794.0,2020-12-14,TidakDiketahui,826.6995714285714
Pelanggan10,Tarik Tunai,49039525.0,2022-11-15,LokasiSalah,3502.823214285714
Pelanggan5,Transfer,29676684.0,2022-12-16,Yogyakarta,2119.763142857143
Pelanggan7,Transfer,44698912.0,2020-03-13,Bandung,3192.7794285714285
Pelanggan10,Deposit,1000000000.0,2020-01-06,Bandung,71428.57142857143
Pelanggan1,Deposit,33813117.0,2020-02-20,Jakarta,2415.222642857143
Pelanggan9,Deposit,4220352.0,2020-03-16,Jakarta,301.4537142857143
Pelanggan1,Tarik Tunai,42807300.0,2020-01-19,,3057.6642857142856
Pelanggan8,,47344902.0,2022-06-04,Surabaya,3381.778714285714
Pelanggan2,Transfer,24527405.0,2022-10-05,Bandung,1751.9575
Pelanggan10,Transfer,22927724.0,2021-04-22,TidakDiketahui,1637.6945714285714
Pelanggan5,Transfer,23138301.0,2020-07-21,LokasiSalah,1652.7357857142856
Pelanggan7,Transfer,17452740.0,2022-11-07,Surabaya,1246.6242857142856
Pelanggan5,Tarik Tunai,35386260.0,2020-03-11,LokasiSalah,2527.59
Pelanggan6,Tarik Tunai,16874378.0,2022-09-17,Jakarta,1205.3127142857143
Pelanggan3,Tarik Tunai,-49156647.0,2021-08-14,TidakDiketahui,-3511.1890714285714
Pelanggan5,Transfer,19764510.0,2020-12-03,Surabaya,1411.7507142857144
Pelanggan2,Tarik Tunai,49176242.0,2021-03-07,Jakarta,3512.588714285714
Pelanggan2,Transfer,24232777.0,2021-03-29,Surabaya,1730.9126428571428
Pelanggan9,Transfer,29794349.0,2020-10-11,Medan,2128.167785714286
Pelanggan10,Transfer,39226245.0,2021-10-02,LokasiSalah,2801.874642857143
Pelanggan10,Deposit,39979569.0,2022-09-12,Medan,2855.6835
Pelanggan10,Deposit,17451788.0,2020-03-16,Surabaya,1246.5562857142857
Pelanggan7,Tarik Tunai,21252049.0,2022-12-23,Medan,1518.0035
Pelanggan5,Tarik Tunai,2471697.0,2022-01-31,Yogyakarta,176.54978571428572
Pelanggan5,Deposit,25830759.0,2020-01-14,LokasiSalah,1845.0542142857144
Pelanggan4,Transfer,2129123.0,2021-06-10,TidakDiketahui,152.08021428571428
Pelanggan6,Transfer,28539955.0,2020-01-23,Yogyakarta,2038.5682142857142
Pelanggan8,Tarik Tunai,24893032.0,2022-11-08,Jakarta,1778.0737142857142
Pelanggan8,Deposit,9213773.0,2021-05-12,Surabaya,658.1266428571429
Pelanggan8,Transfer,24612027.0,2022-10-30,Surabaya,1758.0019285714286
Pelanggan6,Tarik Tunai,49923865.0,2021-08-06,Medan,3565.990357142857
Pelanggan3,Transfer,49501579.0,2022-03-28,Jakarta,3535.8270714285713
Pelanggan8,Deposit,22253603.0,2022-12-19,Yogyakarta,1589.5430714285715
Pelanggan1,Deposit,20364608.0,2020-02-03,TidakDiketahui,1454.614857142857
Pelanggan9,Transfer,,2021-03-07,Bandung,
Pelanggan9,Deposit,17640474.0,2022-03-28,Yogyakarta,1260.0338571428572
Pelanggan5,,45008073.0,2022-06-30,Medan,3214.862357142857
Pelanggan2,Transfer,1858657.0,2022-09-26,Bandung,132.7612142857143
Pelanggan10,Transfer,46039083.0,2020-12-11,Medan,3288.5059285714287
Pelanggan9,Tarik Tunai,30354190.0,2021-03-29,LokasiSalah,2168.1564285714285
Pelanggan8,Tarik Tunai,,2020-12-27,Medan,
Pelanggan7,Transfer,47656544.0,2020-12-19,Bandung,3404.038857142857
Pelanggan8,Transfer,15546514.0,2021-11-15,Surabaya,1110.4652857142858
Pelanggan6,Deposit,3862855.0,2021-02-15,Bandung,275.91821428571427
Pelanggan9,Transfer,34068157.0,2020-01-03,Surabaya,2433.439785714286
Pelanggan5,Deposit,16512603.0,2022-01-28,Bandung,1179.4716428571428
Pelanggan6,Deposit,7366845.0,2021-09-23,Jakarta,526.2032142857142
Pelanggan9,Transfer,30514850.0,2022-12-10,Surabaya,2179.6321428571428
Pelanggan3,Deposit,48736255.0,2021-01-08,LokasiSalah,3481.1610714285716
Pelanggan8,Tarik Tunai,6068693.0,2022-04-22,LokasiSalah,433.4780714285714
,Deposit,45522339.0,2020-06-11,Medan,3251.595642857143
Pelanggan3,Transfer,3466461.0,2021-03-02,Surabaya,247.60435714285714
Pelanggan10,Tarik Tunai,14296082.0,2020-11-12,Medan,1021.1487142857143
Pelanggan3,Tarik Tunai,11973713.0,2020-08-29,LokasiSalah,855.2652142857143
Pelanggan8,Deposit,3715852.0,2021-01-28,Yogyakarta,265.418
Pelanggan2,Deposit,26322486.0,2020-01-29,Bandung,1880.1775714285714
Pelanggan2,Deposit,10432196.0,2022-11-07,Bandung,745.1568571428571
Pelanggan6,Transfer,49147525.0,2021-03-28,Surabaya,3510.5375
Pelanggan10,Tarik Tunai,14061587.0,2021-09-14,Jakarta,1004.3990714285715
,Tarik Tunai,36496968.0,2020-03-29,LokasiSalah,2606.9262857142858
Pelanggan6,Transfer,17636678.0,2020-03-30,Bandung,1259.7627142857143
Pelanggan5,Deposit,31393774.0,2020-06-27,Surabaya,2242.412428571429
Pelanggan6,Transfer,29893298.0,2020-11-12,TidakDiketahui,2135.2355714285713
Pelanggan3,Transfer,10152958.0,2021-06-14,TidakDiketahui,725.2112857142857
Pelanggan9,Tarik Tunai,,2020-06-20,Medan,
Pelanggan7,Transfer,5043396.0,2022-10-27,Surabaya,360.2425714285714
Pelanggan8,Deposit,,2022-02-12,Yogyakarta,
Pelanggan2,Deposit,14415358.0,2020-06-17,Surabaya,1029.6684285714286
Pelanggan6,Deposit,12015050.0,2020-11-30,TidakDiketahui,858.2178571428572
Pelanggan6,Tarik Tunai,20780319.0,2021-01-26,LokasiSalah,1484.3085
Pelanggan6,Transfer,34851381.0,2022-12-04,Medan,2489.384357142857
Pelanggan6,Deposit,24657230.0,2021-02-21,Medan,1761.2307142857144
Pelanggan6,Transfer,49681003.0,not a date,TidakDiketahui,3548.6430714285716
Pelanggan7,Deposit,9268845.0,2021-03-11,,662.0603571428571
Pelanggan7,Transfer,42790192.0,2021-07-17,TidakDiketahui,3056.442285714286
Pelanggan8,Deposit,10008565.0,2020-11-23,Yogyakarta,714.8975
Pelanggan7,Transfer,24875950.0,2021-06-24,TidakDiketahui,1776.8535714285715
Pelanggan9,Deposit,23170658.0,2020-12-19,TidakDiketahui,1655.047
Pelanggan1,Deposit,10059878.0,2020-02-26,Surabaya,718.5627142857143
,Deposit,35224614.0,2021-06-09,TidakDiketahui,2516.043857142857
Pelanggan3,Transfer,4446902.0,2020-07-02,TidakDiketahui,317.63585714285716
Pelanggan6,Tarik Tunai,40902443.0,2020-05-13,Medan,2921.6030714285716
Pelanggan9,Tarik Tunai,,2021-11-20,Yogyakarta,
Pelanggan3,Deposit,14333166.0,2022-05-14,Bandung,1023.7975714285715
Pelanggan5,Deposit,47553190.0,2022-10-24,Bandung,3396.6564285714285
Pelanggan9,Transfer,3483448.0,2022-04-30,Surabaya,248.8177142857143
Pelanggan3,,-47891604.0,2022-08-31,Bandung,-3420.828857142857
Pelanggan4,Tarik Tunai,24526795.0,2022-02-03,TidakDiketahui,1751.9139285714286
Pelanggan7,Tarik Tunai,17898188.0,2021-02-02,Medan,1278.442
Pelanggan7,Tarik Tunai,14593398.0,2020-03-28,Yogyakarta,1042.3855714285714
Pelanggan2,Deposit,32919206.0,2020-06-28,Medan,2351.371857142857
Pelanggan5,Transfer,13050060.0,2021-03-28,Bandung,932.1471428571429
Pelanggan5,Transfer,3112906.0,2022-03-31,Surabaya,222.35042857142858
Pelanggan8,,40984182.0,2021-07-24,Medan,2927.4415714285715
Pelanggan4,Transfer,20808098.0,2021-01-16,Yogyakarta,1486.2927142857143
Pelanggan4,Transfer,,2020-09-19,LokasiSalah,
Pelanggan3,Transfer,6455661.0,2020-10-13,Medan,461.11864285714285
Pelanggan6,Transfer,45576122.0,2021-09-14,Yogyakarta,3255.4372857142857
Pelanggan5,Transfer,-33219003.0,,TidakDiketahui,-2372.7859285714285
Pelanggan6,,-13506445.0,2020-01-17,LokasiSalah,-964.7460714285714
Pelanggan3,Deposit,6980840.0,2022-01-11,Medan,498.63142857142856
Pelanggan2,Tarik Tunai,39298963.0,2021-06-19,Surabaya,2807.0687857142857
Pelanggan7,Transfer,19931244.0,2020-05-17,Yogyakarta,1423.6602857142857
Pelanggan3,Transfer,-46654067.0,2020-05-15,Surabaya,-3332.433357142857
Pelanggan2,,,2020-01-25,Surabaya,
Pelanggan5,Tarik Tunai,37532150.0,2020-11-24,LokasiSalah,2680.8678571428572
Pelanggan5,Transfer,861695.0,2021-09-09,Surabaya,61.54964285714286
Pelanggan6,Tarik Tunai,16389531.0,2021-06-13,,1170.6807857142858
Pelanggan9,Transfer,40150773.0,2020-01-12,TidakDiketahui,2867.912357142857
Pelanggan4,,35756803.0,2022-09-30,Bandung,2554.057357142857
Pelanggan7,Tarik Tunai,3971045.0,2020-11-22,Surabaya,283.6460714285714
Pelanggan6,Transfer,46963484.0,2021-12-03,Surabaya,3354.5345714285713
Pelanggan3,Tarik Tunai,34393958.0,,Medan,2456.7112857142856
Pelanggan10,Tarik Tunai,39179739.0,2020-06-07,LokasiSalah,2798.5527857142856
Pelanggan8,Deposit,44773752.0,2020-02-08,Surabaya,3198.1251428571427
Pelanggan7,Tarik Tunai,35762173.0,2022-03-07,,2554.4409285714287
Pelanggan2,Deposit,22476156.0,,Bandung,1605.4397142857142
Pelanggan2,Transfer,14599656.0,2020-11-10,Jakarta,1042.8325714285713
Pelanggan6,Tarik Tunai,722523.0,2020-11-23,Medan,51.608785714285716
Pelanggan1,Deposit,14216404.0,2021-01-19,,1015.4574285714285
Pelanggan3,Deposit,8959092.0,2020-08-15,Medan,639.9351428571429
Pelanggan9,Transfer,,2022-01-12,Yogyakarta,
Pelanggan4,Deposit,34551846.0,2022-12-08,Bandung,2467.989
Pelanggan8,Deposit,12704789.0,2021-01-02,Surabaya,907.4849285714286
Pelanggan9,Deposit,7778327.0,2020-09-17,Yogyakarta,555.5947857142858
Pelanggan4,Transfer,25156991.0,2022-06-06,TidakDiketahui,1796.9279285714285
Pelanggan9,Tarik Tunai,6612543.0,2021-11-04,Medan,472.3245
Pelanggan10,Deposit,25379872.0,2021-06-19,Medan,1812.848
Pelanggan7,Deposit,27822596.0,2020-01-15,Surabaya,1987.3282857142858
Pelanggan9,Tarik Tunai,32590863.0,2020-11-22,LokasiSalah,2327.9187857142856
Pelanggan5,Transfer,49745600.0,,Bandung,3553.2571428571428
Pelanggan1,Deposit,1134282.0,2020-01-31,Medan,81.02014285714286
Pelanggan7,Tarik Tunai,17663017.0,2020-02-23,Jakarta,1261.6440714285714
Pelanggan4,Deposit,24735786.0,,TidakDiketahui,1766.8418571428572
Pelanggan7,Deposit,41655906.0,2021-05-03,Bandung,2975.4218571428573
Pelanggan9,Deposit,9864479.0,2022-02-15,LokasiSalah,704.6056428571428
Pelanggan5,Transfer,12527061.0,2020-03-01,Jakarta,894.7900714285714
Pelanggan9,Transfer,10235782.0,2021-05-08,Surabaya,731.1272857142857
Pelanggan1,Transfer,10359095.0,2022-03-21,Medan,739.9353571428571
Pelanggan10,Transfer,1604294.0,2021-03-29,Surabaya,114.59242857142857
Pelanggan3,Transfer,29387834.0,2021-02-24,Yogyakarta,2099.131
Pelanggan8,Deposit,7350621.0,2020-11-03,Jakarta,525.0443571428572
Pelanggan8,Transfer,3731951.0,2020-04-21,Jakarta,266.5679285714286
Pelanggan3,Deposit,46033369.0,2021-02-15,Surabaya,3288.0977857142857
,Transfer,13588892.0,2021-05-16,LokasiSalah,970.6351428571429
,Transfer,29482114.0,2020-02-28,Yogyakarta,2105.8652857142856
Pelanggan1,Deposit,41779659.0,2020-12-30,Medan,2984.261357142857
,Deposit,,2021-04-21,Bandung,
Pelanggan3,Deposit,15236134.0,2021-02-15,Jakarta,1088.2952857142857
Pelanggan5,Tarik Tunai,32464714.0,2021-03-29,Bandung,2318.908142857143
Pelanggan10,Deposit,,,Yogyakarta,
Pelanggan4,Transfer,25054461.0,2020-04-07,Yogyakarta,1789.6043571428572
Pelanggan8,Deposit,40076286.0,2022-02-23,TidakDiketahui,2862.591857142857
,Tarik Tunai,32812405.0,2022-06-11,Jakarta,2343.743214285714
Pelanggan4,Transfer,29582306.0,2020-02-09,Yogyakarta,2113.0218571428572
Pelanggan5,Deposit,43328550.0,2021-12-02,Medan,3094.8964285714287
Pelanggan3,,38192174.0,2021-04-29,Medan,2728.0124285714287
Pelanggan6,Deposit,16178476.0,2021-01-14,LokasiSalah,1155.6054285714285
Pelanggan4,Tarik Tunai,-23918346.0,2021-12-28,LokasiSalah,-1708.4532857142858
Pelanggan4,Deposit,25263515.0,,Surabaya,1804.5367857142858
Pelanggan5,,,2022-05-26,LokasiSalah,
Pelanggan3,,26660128.0,2021-09-29,Surabaya,1904.2948571428572
Pelanggan5,Transfer,47142046.0,2021-07-30,Bandung,3367.289
Pelanggan3,Deposit,,2020-02-08,Medan,
Pelanggan3,Transfer,8499339.0,,Yogyakarta,607.0956428571428
Pelanggan2,Transfer,31356148.0,2020-07-13,Jakarta,2239.724857142857
Pelanggan10,Transfer,48390301.0,2020-07-07,Bandung,3456.4500714285714
Pelanggan8,,46562140.0,2021-02-11,LokasiSalah,3325.867142857143
Pelanggan1,Transfer,1082028.0,2022-07-02,Jakarta,77.28771428571429
Pelanggan8,Tarik Tunai,9369912.0,2021-01-25,Surabaya,669.2794285714285
Pelanggan1,Transfer,-38508227.0,2020-07-18,Medan,-2750.587642857143
Pelanggan3,Transfer,43161927.0,2021-06-28,Bandung,3082.9947857142856
Pelanggan10,Deposit,46042306.0,2021-09-17,LokasiSalah,3288.736142857143
Pelanggan9,Deposit,36980959.0,2022-08-13,Surabaya,2641.4970714285714
Pelanggan10,Deposit,45785275.0,2020-02-03,LokasiSalah,3270.3767857142857
Pelanggan5,Deposit,3251546.0,2022-09-24,Bandung,232.2532857142857
Pelanggan4,Tarik Tunai,,2020-06-09,Yogyakarta,
,Deposit,45607826.0,2022-11-02,Bandung,3257.701857142857
Pelanggan3,Deposit,42274715.0,2021-08-13,LokasiSalah,3019.6225
Pelanggan1,Tarik Tunai,18544010.0,2021-09-01,Yogyakarta,1324.5721428571428
Pelanggan4,Transfer,47483956.0,2021-08-21,Bandung,3391.711142857143
Pelanggan7,Tarik Tunai,35202023.0,2021-02-23,Jakarta,2514.430214285714
Pelanggan2,Transfer,39029502.0,2022-05-28,Bandung,2787.8215714285716
Pelanggan2,Tarik Tunai,33844532.0,2021-03-07,Surabaya,2417.4665714285716
Pelanggan10,Deposit,4691342.0,2021-10-21,TidakDiketahui,335.09585714285714
Pelanggan6,Deposit,49766446.0,2020-02-17,TidakDiketahui,3554.746142857143
Pelanggan9,Transfer,4413202.0,2021-10-04,TidakDiketahui,315.22871428571426
Pelanggan1,Transfer,41474325.0,,Bandung,2962.4517857142855
Pelanggan1,Transfer,34553427.0,2021-04-04,Bandung,2468.1019285714287
,Deposit,47121146.0,2020-11-15,Medan,3365.796142857143
,Transfer,4950230.0,2021-10-10,Yogyakarta,353.58785714285716
Pelanggan4,Tarik Tunai,26971295.0,2022-01-14,Surabaya,1926.5210714285715
Pelanggan6,Tarik Tunai,24321399.0,2020-06-29,Yogyakarta,1737.2427857142857
Pelanggan8,Deposit,24894274.0,2022-02-23,LokasiSalah,1778.1624285714286
Pelanggan9,Deposit,36785223.0,2022-10-17,LokasiSalah,2627.5159285714285
,Deposit,984182.0,2022-11-16,TidakDiketahui,70.29871428571428
Pelanggan9,Deposit,11919977.0,2022-06-03,Surabaya,851.4269285714286
Pelanggan9,Tarik Tunai,3455018.0,2021-06-19,Jakarta,246.787
Pelanggan9,Deposit,22338232.0,2022-07-24,TidakDiketahui,1595.588
Pelanggan6,Transfer,3798560.0,2020-06-18,,271.3257142857143
Pelanggan9,Tarik Tunai,2177836.0,2022-10-08,Jakarta,155.55971428571428
Pelanggan1,Tarik Tunai,4733669.0,2022-04-05,Yogyakarta,338.1192142857143
Pelanggan7,Transfer,,2020-09-26,Surabaya,
Pelanggan4,Deposit,47652359.0,2020-12-07,Medan,3403.7399285714287
Pelanggan9,Transfer,31309470.0,,LokasiSalah,2236.3907142857142
Pelanggan2,,19395759.0,2020-04-07,Jakarta,1385.4113571428572
Pelanggan6,Deposit,23732705.0,2022-05-31,,1695.1932142857142
Pelanggan3,Tarik Tunai,11240120.0,2020-02-09,Jakarta,802.8657142857143
Pelanggan10,Tarik Tunai,46062328.0,2020-11-30,Yogyakarta,3290.1662857142856
Pelanggan8,,7325535.0,,Surabaya,523.2525
Pelanggan8,Transfer,29095838.0,2021-10-03,Medan,2078.274142857143
Pelanggan4,Tarik Tunai,25248946.0,2021-03-23,Yogyakarta,1803.4961428571428
Pelanggan3,Tarik Tunai,3093416.0,2022-03-04,LokasiSalah,220.95828571428572
Pelanggan10,Transfer,20188489.0,2022-01-18,Jakarta,1442.0349285714285
Pelanggan6,Tarik Tunai,43407729.0,2020-09-25,Jakarta,3100.5520714285713
Pelanggan8,Transfer,46705584.0,2021-02-24,Yogyakarta,3336.113142857143
Pelanggan10,Transfer,34027369.0,2022-06-24,Medan,2430.5263571428573
Pelanggan4,Deposit,27152800.0,2020-04-25,Yogyakarta,1939.4857142857143
Pelanggan8,Transfer,28710513.0,2021-07-01,Surabaya,2050.7509285714286
Pelanggan3,Transfer,47230869.0,2020-10-19,LokasiSalah,3373.6335
Pelanggan7,Tarik Tunai,16167440.0,2020-10-31,Surabaya,1154.817142857143
Pelanggan2,Transfer,13145300.0,2021-06-28,TidakDiketahui,938.95
Pelanggan4,Tarik Tunai,30716948.0,2021-10-31,Surabaya,2194.0677142857144
Pelanggan3,Deposit,28430966.0,2020-03-16,Medan,2030.7832857142857
Pelanggan5,,31002005.0,2021-03-24,LokasiSalah,2214.4289285714285
Pelanggan6,Transfer,41370360.0,2021-10-21,Surabaya,2955.0257142857145
Pelanggan9,Transfer,43258406.0,2021-02-14,TidakDiketahui,3089.8861428571427
Pelanggan8,Transfer,,,LokasiSalah,
Pelanggan5,Transfer,2830357.0,2020-01-23,Jakarta,202.16835714285713
Pelanggan3,Transfer,26729264.0,2022-01-08,Yogyakarta,1909.2331428571429
,Transfer,29310531.0,2020-10-26,Yogyakarta,2093.6093571428573
Pelanggan9,Transfer,12140843.0,2022-09-03,Surabaya,867.2030714285714
Pelanggan10,Transfer,28464363.0,2020-04-12,Jakarta,2033.1687857142856
Pelanggan6,Deposit,43011456.0,2020-03-16,Jakarta,3072.246857142857
Pelanggan2,Deposit,23596803.0,2022-10-27,Medan,1685.4859285714285
Pelanggan1,Transfer,10208544.0,2020-02-09,Jakarta,729.1817142857143
,Tarik Tunai,21674348.0,2022-08-20,,1548.1677142857143
Pelanggan3,Deposit,,2022-02-01,Yogyakarta,
Pelanggan7,Tarik Tunai,17898188.0,2021-02-02,Medan,1278.442
Pelanggan10,Transfer,29326806.0,2020-03-14,LokasiSalah,2094.7718571428572
Pelanggan3,Transfer,12100259.0,2022-03-17,LokasiSalah,864.3042142857142
Pelanggan10,Deposit,12317137.0,2020-07-13,,879.7955
Pelanggan9,Deposit,48230885.0,2022-03-18,Jakarta,3445.0632142857144
Pelanggan5,Transfer,3962242.0,,Yogyakarta,283.0172857142857
Pelanggan7,Deposit,37284532.0,2020-01-18,Surabaya,2663.1808571428573
Pelanggan6,Deposit,39764245.0,2021-02-12,Bandung,2840.303214285714
Pelanggan10,Transfer,42044661.0,2021-05-14,Jakarta,3003.1900714285716
,Tarik Tunai,15182523.0,2021-04-15,Yogyakarta,1084.4659285714285
,Deposit,11024624.0,2021-11-19,Surabaya,787.4731428571429
Pelanggan10,Tarik Tunai,47950369.0,2021-08-11,Medan,3425.0263571428573
Pelanggan1,Deposit,5179772.0,2021-02-14,Bandung,369.9837142857143
Pelanggan6,Transfer,19758347.0,2020-08-21,Yogyakarta,1411.3105
Pelanggan1,Deposit,40480243.0,2022-10-16,LokasiSalah,2891.445928571429
Pelanggan4,Deposit,12175746.0,2020-01-32,Medan,869.6961428571428
Pelanggan9,Deposit,7822670.0,2020-07-04,Surabaya,558.7621428571429
Pelanggan9,Transfer,888770.0,2022-04-16,Surabaya,63.48357142857143
Pelanggan3,Deposit,,2022-02-01,Yogyakarta,
Pelanggan8,Transfer,15208279.0,2021-12-09,Yogyakarta,1086.3056428571429
Pelanggan3,Transfer,5068683.0,2020-05-24,TidakDiketahui,362.0487857142857
Pelanggan9,Deposit,6397011.0,,Jakarta,456.92935714285716
Pelanggan6,Transfer,6326678.0,2020-11-03,Yogyakarta,451.9055714285714
Pelanggan2,Tarik Tunai,14241181.0,2020-09-12,TidakDiketahui,1017.2272142857142
Pelanggan8,Transfer,25395752.0,2021-11-01,Bandung,1813.9822857142858
Pelanggan9,,,2021-02-03,LokasiSalah,
Pelanggan8,Tarik Tunai,21807879.0,2021-07-19,Surabaya,1557.705642857143
,Tarik Tunai,38914170.0,,Surabaya,2779.5835714285713
Pelanggan2,Tarik Tunai,23821413.0,2022-03-02,Surabaya,1701.5295
Pelanggan6,Deposit,25566841.0,2022-04-13,Jakarta,1826.2029285714286
Pelanggan8,Transfer,49142575.0,2022-08-15,TidakDiketahui,3510.1839285714286
Pelanggan10,Transfer,27969666.0,2022-02-10,Surabaya,1997.8332857142857
Pelanggan8,,40029752.0,2021-05-14,LokasiSalah,2859.268
Pelanggan9,Tarik Tunai,27555036.0,2020-04-10,LokasiSalah,1968.2168571428572
Pelanggan5,Transfer,20391075.0,2020-10-06,Medan,1456.505357142857
Pelanggan10,Transfer,,2021-08-15,Yogyakarta,
Pelanggan6,Transfer,6519173.0,2022-03-06,Yogyakarta,465.6552142857143
Pelanggan9,Transfer,30514850.0,2022-12-10,Surabaya,2179.6321428571428
Pelanggan4,Tarik Tunai,16904118.0,2020-10-26,Yogyakarta,1207.437
Pelanggan7,Transfer,20672963.0,2022-10-06,Yogyakarta,1476.6402142857144
Pelanggan4,Deposit,33181409.0,2022-09-11,LokasiSalah,2370.1006428571427
Pelanggan2,Deposit,26515146.0,2021-03-11,Bandung,1893.939
Pelanggan3,Deposit,30115032.0,2022-09-30,Medan,2151.0737142857142
Pelanggan5,Tarik Tunai,44480650.0,2020-03-28,Surabaya,3177.1892857142857
,Tarik Tunai,23722452.0,2020-01-15,,1694.460857142857
Pelanggan1,Deposit,15117548.0,2020-09-24,Medan,1079.8248571428571
Pelanggan6,Deposit,16990175.0,2022-03-13,Yogyakarta,1213.5839285714285
Pelanggan3,,-43965785.0,2022-04-07,Jakarta,-3140.4132142857143
Pelanggan3,Deposit,2838195.0,2020-09-26,Surabaya,202.72821428571427
Pelanggan6,Transfer,8802366.0,2021-02-20,LokasiSalah,628.7404285714285
Pelanggan10,Deposit,13026541.0,2020-01-11,Bandung,930.4672142857142
Pelanggan1,Transfer,,2021-11-24,TidakDiketahui,
Pelanggan7,Deposit,33493390.0,2021-11-05,Medan,2392.385
Pelanggan2,Deposit,13498078.0,2022-06-03,Jakarta,964.1484285714286
Pelanggan4,Deposit,31559981.0,,LokasiSalah,2254.284357142857
,Transfer,29827491.0,2020-02-17,Medan,2130.5350714285714
Pelanggan2,Deposit,17206517.0,2021-03-22,Medan,1229.0369285714285
Pelanggan9,,26551591.0,2021-02-19,Yogyakarta,1896.5422142857142
Pelanggan7,Deposit,24514842.0,,Bandung,1751.0601428571429
Pelanggan8,Deposit,38721785.0,2021-02-11,TidakDiketahui,2765.841785714286
Pelanggan2,Tarik Tunai,3139623.0,2021-11-30,TidakDiketahui,224.25878571428572
Pelanggan8,Deposit,25166100.0,2021-01-03,Yogyakarta,1797.5785714285714
Pelanggan10,Deposit,48190969.0,2022-03-29,,3442.2120714285716
,Deposit,4853155.0,2022-12-26,LokasiSalah,346.6539285714286
Pelanggan6,Transfer,32011791.0,2022-04-20,TidakDiketahui,2286.5565
Pelanggan2,Transfer,31451124.0,2022-10-31,Bandung,2246.5088571428573
Pelanggan3,Transfer,17687369.0,2020-07-13,Medan,1263.3835
Pelanggan6,Tarik Tunai,35186096.0,2021-06-12,TidakDiketahui,2513.2925714285716
Pelanggan8,Transfer,,2021-12-24,LokasiSalah,
Pelanggan9,Transfer,4653535.0,2022-06-04,,332.39535714285716
Pelanggan5,Tarik Tunai,35037475.0,2020-12-01,TidakDiketahui,2502.676785714286
Pelanggan9,Transfer,35544566.0,2022-10-04,LokasiSalah,2538.8975714285716
Pelanggan5,Transfer,9199608.0,2022-07-29,,657.1148571428571
Pelanggan10,Deposit,14202472.0,2021-03-05,Yogyakarta,1014.4622857142857
Pelanggan6,Tarik Tunai,,2021-08-12,Medan,
Pelanggan3,Tarik Tunai,6391087.0,2020-12-04,Yogyakarta,456.5062142857143
Pelanggan3,Transfer,10756433.0,2020-09-19,Medan,768.3166428571428
Pelanggan7,Tarik Tunai,9672931.0,2021-06-02,Surabaya,690.9236428571429
Pelanggan4,Transfer,47754137.0,2022-03-15,TidakDiketahui,3411.0097857142855
Pelanggan4,Transfer,7946052.0,2022-11-30,Surabaya,567.5751428571429
,Transfer,,2022-10-28,Jakarta,
Pelanggan2,Deposit,17372392.0,2020-00-00,Bandung,1240.885142857143
Pelanggan4,Deposit,46471658.0,2020-10-12,Yogyakarta,3319.4041428571427
Pelanggan10,Deposit,46253311.0,2020-12-26,Jakarta,3303.8079285714284
Pelanggan1,Tarik Tunai,17519937.0,2021-05-06,TidakDiketahui,1251.4240714285713
Pelanggan2,Transfer,43227513.0,2021-07-05,LokasiSalah,3087.6795
Pelanggan7,Deposit,38021849.0,2020-07-02,Surabaya,2715.846357142857
Pelanggan10,Tarik Tunai,18157325.0,2021-01-14,Yogyakarta,1296.9517857142857
Pelanggan2,Transfer,20463645.0,2022-02-01,,1461.6889285714285
Pelanggan8,Deposit,35819201.0,2020-01-31,TidakDiketahui,2558.514357142857
Pelanggan8,Deposit,45322858.0,2021-10-18,Jakarta,3237.347
Pelanggan1,Transfer,10809106.0,2020-04-02,Bandung,772.079
Pelanggan2,Tarik Tunai,33100490.0,2022-11-25,Jakarta,2364.320714285714
Pelanggan5,Transfer,18792313.0,2020-09-19,,1342.3080714285713
Pelanggan4,Tarik Tunai,29101043.0,2020-03-29,TidakDiketahui,2078.6459285714286
Pelanggan9,Deposit,16110028.0,2021-04-27,TidakDiketahui,1150.7162857142857
Pelanggan5,Transfer,24427934.0,2022-02-27,Medan,1744.8524285714286
Pelanggan7,Tarik Tunai,15661268.0,2022-12-22,LokasiSalah,1118.662
Pelanggan2,Transfer,49205564.0,2020-04-01,Jakarta,3514.6831428571427
Pelanggan3,Tarik Tunai,38416741.0,2022-07-15,Jakarta,2744.0529285714288
Pelanggan3,Transfer,24828515.0,2021-02-11,Jakarta,1773.465357142857
Pelanggan5,Transfer,4429868.0,2021-08-15,Jakarta,316.41914285714284
Pelanggan9,Deposit,45153812.0,2021-11-10,Yogyakarta,3225.2722857142858
Pelanggan9,Tarik Tunai,40694992.0,2022-04-04,Jakarta,2906.785142857143
Pelanggan6,Deposit,24192407.0,2021-09-08,Bandung,1728.0290714285713
Pelanggan10,Deposit,45033767.0,2020-01-07,TidakDiketahui,3216.697642857143
Pelanggan10,Tarik Tunai,,2020-10-12,Surabaya,
Pelanggan7,Tarik Tunai,49972792.0,2021-01-01,Bandung,3569.485142857143
Pelanggan2,Tarik Tunai,5384317.0,2021-11-01,Bandung,384.59407142857145
Pelanggan5,Deposit,44123140.0,2021-02-06,LokasiSalah,3151.652857142857
Pelanggan8,Transfer,49065595.0,2022-03-25,LokasiSalah,3504.6853571428574
Pelanggan9,Deposit,24793045.0,,Yogyakarta,1770.9317857142858
Pelanggan7,Tarik Tunai,5018471.0,2021-07-26,Yogyakarta,358.4622142857143
Pelanggan8,Transfer,27618363.0,2022-04-03,Surabaya,1972.7402142857143
Pelanggan1,Deposit,28716553.0,2022-02-05,,2051.182357142857
Pelanggan3,Tarik Tunai,10074352.0,2022-06-03,Yogyakarta,719.5965714285715
Pelanggan7,Deposit,27820085.0,2020-09-25,,1987.1489285714285
Pelanggan5,Tarik Tunai,,2021-03-17,,
Pelanggan5,Tarik Tunai,43644018.0,2021-11-14,LokasiSalah,3117.429857142857
Pelanggan5,Transfer,4077262.0,2021-08-16,Surabaya,291.233
Pelanggan6,Deposit,37802024.0,2022-06-05,Bandung,2700.1445714285715
Pelanggan1,Tarik Tunai,34155005.0,2020-11-21,,2439.6432142857143
Pelanggan4,Transfer,49661800.0,2022-05-03,Bandung,3547.2714285714287
Pelanggan9,Deposit,19764135.0,2021-08-09,TidakDiketahui,1411.7239285714286
Pelanggan6,Tarik Tunai,10730900.0,2022-10-12,Bandung,766.4928571428571
Pelanggan4,Tarik Tunai,4434461.0,2021-10-02,Bandung,316.7472142857143
Pelanggan4,Deposit,41623026.0,2021-08-13,LokasiSalah,2973.0732857142857
Pelanggan10,Deposit,4112742.0,2022-01-03,Surabaya,293.7672857142857
Pelanggan2,Transfer,42186269.0,2020-07-05,Yogyakarta,3013.3049285714287
Pelanggan9,Transfer,34068157.0,2020-01-03,Surabaya,2433.439785714286
Pelanggan4,Deposit,25558303.0,2022-09-21,Medan,1825.5930714285714
Pelanggan1,,20182438.0,2022-05-21,LokasiSalah,1441.6027142857142
Pelanggan5,Transfer,23989888.0,2020-10-02,Medan,1713.5634285714286
Pelanggan3,Tarik Tunai,28805330.0,2021-04-17,,2057.5235714285714
Pelanggan9,Deposit,19496464.0,2022-01-09,LokasiSalah,1392.6045714285715
Pelanggan7,Deposit,49121158.0,2022-03-27,Yogyakarta,3508.6541428571427
,Transfer,40301594.0,2020-06-07,Bandung,2878.685285714286
,,17194623.0,,Yogyakarta,1228.187357142857
Pelanggan6,Deposit,36079430.0,2020-11-14,Bandung,2577.102142857143
Pelanggan10,Transfer,12915484.0,2021-09-11,,922.5345714285714
Pelanggan3,Deposit,16195356.0,2021-09-22,Bandung,1156.8111428571428
Pelanggan8,Transfer,24612027.0,2022-10-30,Surabaya,1758.0019285714286
Pelanggan5,Tarik Tunai,3836076.0,2020-01-19,LokasiSalah,274.0054285714286
Pelanggan2,,13942052.0,2020-05-19,Yogyakarta,995.8608571428572
Pelanggan8,Transfer,45541421.0,2020-02-27,,3252.958642857143
Pelanggan7,Tarik Tunai,4767209.0,2022-11-16,Bandung,340.5149285714286
Pelanggan7,Deposit,4456285.0,,Surabaya,318.30607142857144
Pelanggan7,Deposit,16328696.0,2020-04-25,TidakDiketahui,1166.3354285714286
Pelanggan10,Tarik Tunai,13255998.0,2021-10-07,Medan,946.857
Pelanggan9,Deposit,34223448.0,2022-06-08,,2444.532
Pelanggan6,Transfer,20936188.0,2022-12-07,TidakDiketahui,1495.442
Pelanggan8,Deposit,24692611.0,2020-03-30,Jakarta,1763.7579285714285
Pelanggan5,Tarik Tunai,16765469.0,2020-07-21,TidakDiketahui,1197.5335
Pelanggan1,Tarik Tunai,31362644.0,2020-11-10,TidakDiketahui,2240.188857142857
Pelanggan9,Tarik Tunai,43325487.0,2022-10-31,Bandung,3094.677642857143
Pelanggan1,Tarik Tunai,47490416.0,2022-05-06,LokasiSalah,3392.1725714285712
Pelanggan4,Deposit,35567456.0,2022-06-28,Jakarta,2540.5325714285714
Pelanggan10,Deposit,20565814.0,2021-11-15,LokasiSalah,1468.9867142857142
Pelanggan8,Tarik Tunai,46819544.0,2022-05-07,Medan,3344.253142857143
Pelanggan1,Deposit,33286823.0,2022-11-17,LokasiSalah,2377.6302142857144
Pelanggan10,Deposit,27711951.0,2020-03-08,Surabaya,1979.4250714285715
Pelanggan4,Deposit,47244868.0,2020-01-25,Medan,3374.633428571429
Pelanggan6,Tarik Tunai,29009584.0,2022-04-29,Yogyakarta,2072.113142857143
Pelanggan5,Tarik Tunai,9118994.0,2020-03-30,Yogyakarta,651.3567142857142
Pelanggan3,Tarik Tunai,13867374.0,2021-04-26,Jakarta,990.5267142857143
Pelanggan3,Transfer,38401248.0,2022-12-10,Medan,2742.9462857142858
Pelanggan2,Deposit,-13860514.0,2020-05-10,Surabaya,-990.0367142857143
Pelanggan10,Tarik Tunai,5274868.0,2021-07-08,TidakDiketahui,376.77628571428573
Pelanggan9,Transfer,37342166.0,2021-05-02,,2667.2975714285712
Pelanggan4,Deposit,16490528.0,2020-09-27,Medan,1177.894857142857
Pelanggan7,Tarik Tunai,8941527.0,2021-07-30,Surabaya,638.6805
Pelanggan3,Deposit,33750373.0,2020-09-23,TidakDiketahui,2410.7409285714284
Pelanggan6,Deposit,,2020-02-18,LokasiSalah,
Pelanggan9,Tarik Tunai,36265980.0,2021-04-14,Medan,2590.427142857143
Pelanggan3,Tarik Tunai,25462962.0,2022-01-14,Medan,1818.783
,Tarik Tunai,28730314.0,2022-02-02,Yogyakarta,2052.165285714286
Pelanggan8,Deposit,19067885.0,2020-08-17,Jakarta,1361.9917857142857
Pelanggan2,Transfer,24527405.0,2022-10-05,Bandung,1751.9575
Pelanggan5,Tarik Tunai,12513924.0,2021-03-06,Jakarta,893.8517142857143
Pelanggan1,,42783528.0,2022-09-14,Jakarta,3055.9662857142857
Pelanggan10,Tarik Tunai,49906726.0,2020-05-08,TidakDiketahui,3564.7661428571428
Pelanggan2,Transfer,26806493.0,2020-06-13,Yogyakarta,1914.7495
Pelanggan4,Deposit,34341896.0,2022-02-21,LokasiSalah,2452.9925714285714
Pelanggan10,Tarik Tunai,45762966.0,2020-12-19,Surabaya,3268.7832857142857
Pelanggan5,Tarik Tunai,10405071.0,,TidakDiketahui,743.2193571428571
Pelanggan6,Tarik Tunai,7930354.0,2021-05-13,Surabaya,566.4538571428571
Pelanggan1,,46186473.0,2022-10-25,Jakarta,3299.033785714286
Pelanggan6,Transfer,12990756.0,2022-01-04,Bandung,927.9111428571429
Pelanggan10,Deposit,27680952.0,2020-09-26,,1977.210857142857
Pelanggan10,Transfer,31268795.0,2020-11-17,Yogyakarta,2233.485357142857
Pelanggan10,Transfer,15729557.0,2022-08-19,Jakarta,1123.5397857142857
Pelanggan7,Transfer,43568421.0,2022-06-25,Bandung,3112.0300714285713
Pelanggan1,Tarik Tunai,21781148.0,2022-10-09,,1555.7962857142857
Pelanggan2,Transfer,13982801.0,2021-12-08,TidakDiketahui,998.7715
Pelanggan9,Tarik Tunai,28230494.0,2022-04-08,Surabaya,2016.4638571428573
Pelanggan3,Deposit,12589528.0,2022-07-01,Jakarta,899.252
Pelanggan4,Transfer,8195587.0,2022-10-31,TidakDiketahui,585.3990714285715
Pelanggan2,Deposit,30722087.0,2022-06-22,Bandung,2194.4347857142857
Pelanggan9,Transfer,35521291.0,2020-10-09,Yogyakarta,2537.2350714285712
Pelanggan6,Tarik Tunai,4839616.0,2022-01-28,Yogyakarta,345.68685714285715
Pelanggan5,Tarik Tunai,35797739.0,2021-03-05,Bandung,2556.981357142857
Pelanggan4,Tarik Tunai,12362273.0,2022-01-24,Jakarta,883.0195
Pelanggan10,Transfer,35470578.0,2020-03-02,Medan,2533.6127142857144
Pelanggan4,Tarik Tunai,45870420.0,2020-08-10,TidakDiketahui,3276.4585714285713
Pelanggan1,Transfer,44703193.0,,Medan,3193.0852142857143
Pelanggan9,Deposit,3672366.0,,Surabaya,262.31185714285715
Pelanggan4,Transfer,-19705172.0,2021-07-24,,-1407.5122857142858
Pelanggan9,Tarik Tunai,36368824.0,2022-06-25,Medan,2597.773142857143
Pelanggan6,Deposit,28475775.0,2021-10-30,TidakDiketahui,2033.9839285714286
Pelanggan9,Deposit,38092807.0,2021-10-31,Yogyakarta,2720.9147857142857
Pelanggan9,Deposit,24793045.0,,Yogyakarta,1770.9317857142858
Pelanggan4,Tarik Tunai,35617397.0,2021-05-09,Medan,2544.0997857142856
Pelanggan10,Transfer,29111701.0,2021-12-17,Jakarta,2079.4072142857144
Pelanggan1,Tarik Tunai,2730081.0,2022-09-16,Yogyakarta,195.0057857142857
Pelanggan1,Transfer,3797813.0,2020-06-08,Surabaya,271.2723571428571
,Deposit,,2021-09-21,TidakDiketahui,
Pelanggan8,Deposit,13416392.0,2022-05-17,LokasiSalah,958.3137142857142
Pelanggan6,Deposit,29849184.0,2021-01-22,Yogyakarta,2132.0845714285715
Pelanggan5,Tarik Tunai,22273638.0,2021-06-21,Bandung,1590.9741428571429
Pelanggan8,Deposit,14626194.0,2020-02-08,TidakDiketahui,1044.7281428571428
Pelanggan5,,10014190.0,2020-11-12,LokasiSalah,715.2992857142857
Pelanggan10,Deposit,24785626.0,2020-03-24,,1770.4018571428571
Pelanggan4,Deposit,44073965.0,2020-06-29,Yogyakarta,3148.1403571428573
Pelanggan9,Deposit,-1000000000.0,2021-11-21,Medan,-71428.57142857143
Pelanggan1,Deposit,28474653.0,2020-12-19,Jakarta,2033.9037857142857
Pelanggan8,Tarik Tunai,27228231.0,,Surabaya,1944.8736428571428
Pelanggan7,Deposit,49881858.0,2021-05-05,LokasiSalah,3562.989857142857
,Tarik Tunai,31829600.0,2020-07-03,LokasiSalah,2273.542857142857
Pelanggan10,,42774321.0,2020-06-23,Medan,3055.308642857143
Pelanggan2,Transfer,19012307.0,2021-09-09,Bandung,1358.0219285714286
Pelanggan5,Deposit,28524783.0,2022-12-17,Bandung,2037.4845
Pelanggan10,Transfer,3580634.0,2020-03-09,Yogyakarta,255.75957142857143
Pelanggan3,Transfer,21849378.0,not a date,Yogyakarta,1560.6698571428572
Pelanggan3,Transfer,8219157.0,2020-02-09,Medan,587.0826428571429
Pelanggan6,Transfer,6519173.0,2022-03-06,Yogyakarta,465.6552142857143
Pelanggan8,Transfer,42402015.0,2020-03-20,Surabaya,3028.715357142857
Pelanggan4,Tarik Tunai,,2020-06-09,Yogyakarta,
Pelanggan7,Deposit,3442178.0,2020-04-29,Surabaya,245.86985714285714
Pelanggan10,Tarik Tunai,11582588.0,2022-07-09,Bandung,827.3277142857143
Pelanggan6,Deposit,6455166.0,2020-10-07,Medan,461.0832857142857
Pelanggan8,Transfer,17110829.0,2021-12-21,Bandung,1222.2020714285713
Pelanggan9,Transfer,-47503629.0,2022-04-09,TidakDiketahui,-3393.116357142857
Pelanggan7,Tarik Tunai,3222854.0,2022-12-18,Surabaya,230.20385714285715
,Transfer,9815801.0,2022-11-01,TidakDiketahui,701.1286428571428
Pelanggan1,Transfer,43866056.0,2020-12-15,Bandung,3133.289714285714
Pelanggan5,Transfer,9123597.0,2021-09-12,LokasiSalah,651.6855
,Transfer,31953564.0,2021-02-01,LokasiSalah,2282.3974285714285
Pelanggan4,Deposit,2519885.0,2022-09-21,Surabaya,179.99178571428573
Pelanggan3,Deposit,9566764.0,2021-02-12,TidakDiketahui,683.3402857142858
Pelanggan7,,21424229.0,2020-09-17,Surabaya,1530.3020714285715
Pelanggan5,Deposit,8242529.0,2020-04-10,Jakarta,588.7520714285714
Pelanggan5,Deposit,44905334.0,2021-04-23,Jakarta,3207.523857142857
Pelanggan5,Tarik Tunai,19808957.0,2022-04-03,TidakDiketahui,1414.9255
Pelanggan6,Deposit,43011456.0,2020-03-16,Jakarta,3072.246857142857
Pelanggan8,Transfer,29166649.0,2021-10-30,Surabaya,2083.3320714285715
Pelanggan5,Transfer,20050592.0,2020-08-08,Surabaya,1432.1851428571429
Pelanggan7,Deposit,,2021-10-22,TidakDiketahui,
Pelanggan7,Deposit,33391220.0,2022-10-10,TidakDiketahui,2385.0871428571427
Pelanggan7,Tarik Tunai,18679305.0,,TidakDiketahui,1334.2360714285714
Pelanggan1,Transfer,9311343.0,2022-05-09,Jakarta,665.0959285714285
Pelanggan6,Tarik Tunai,37309144.0,2021-01-19,TidakDiketahui,2664.938857142857
Pelanggan1,Deposit,8737629.0,,LokasiSalah,624.1163571428572
Pelanggan8,Deposit,43346206.0,2022-11-14,Jakarta,3096.1575714285714
Pelanggan9,Transfer,26373537.0,2022-03-04,Jakarta,1883.8240714285714
Pelanggan8,,34104530.0,2021-09-26,Surabaya,2436.0378571428573
Pelanggan7,Deposit,26883450.0,2022-08-01,TidakDiketahui,1920.2464285714286
Pelanggan7,Transfer,,2020-07-01,Jakarta,
Pelanggan10,Deposit,28258647.0,2021-02-13,TidakDiketahui,2018.4747857142856
Pelanggan2,Deposit,37801322.0,2022-10-11,Bandung,2700.0944285714286
Pelanggan6,Deposit,5180980.0,2021-08-28,LokasiSalah,370.07
Pelanggan9,Tarik Tunai,46912396.0,2021-06-10,Medan,3350.8854285714287
Pelanggan1,Deposit,14294796.0,2021-08-24,TidakDiketahui,1021.0568571428571
Pelanggan6,Deposit,43560427.0,2021-07-02,Jakarta,3111.4590714285714
Pelanggan7,Tarik Tunai,35879157.0,2020-08-21,Yogyakarta,2562.7969285714285
Pelanggan3,Tarik Tunai,10074352.0,2022-06-03,Yogyakarta,719.5965714285715
Pelanggan6,Tarik Tunai,8282664.0,2021-06-17,Bandung,591.6188571428571
Pelanggan5,Transfer,2144552.0,2021-04-23,Jakarta,153.1822857142857
Pelanggan10,Deposit,29464542.0,2021-11-11,Yogyakarta,2104.610142857143
Pelanggan2,Deposit,37598478.0,2021-10-21,Yogyakarta,2685.6055714285712
Pelanggan6,Transfer,35920777.0,2021-09-05,Medan,2565.7697857142857
Pelanggan8,Deposit,28035694.0,2021-03-17,Bandung,2002.5495714285714
Pelanggan1,Tarik Tunai,4753076.0,2020-04-04,Bandung,339.5054285714286
Pelanggan3,Deposit,19273779.0,2021-11-17,Jakarta,1376.6985
Pelanggan2,Deposit,20601944.0,2022-03-02,Jakarta,1471.5674285714285
Pelanggan3,Deposit,17292072.0,2021-08-04,Surabaya,1235.148
Pelanggan4,Tarik Tunai,1139493.0,2021-05-14,Jakarta,81.39235714285714
Pelanggan3,Transfer,23579431.0,2021-01-18,Surabaya,1684.2450714285715
Pelanggan3,Deposit,1867752.0,2020-06-23,Yogyakarta,133.41085714285714
Pelanggan4,Deposit,39994139.0,2021-09-06,Bandung,2856.7242142857144
Pelanggan10,Deposit,27193050.0,2020-04-22,TidakDiketahui,1942.3607142857143
Pelanggan7,Deposit,,2021-03-03,Jakarta,
Pelanggan5,Transfer,3650874.0,2022-12-23,Surabaya,260.77671428571426
Pelanggan5,Transfer,14229527.0,2022-04-23,Yogyakarta,1016.3947857142857
Pelanggan1,Transfer,37607888.0,2021-02-17,Bandung,2686.2777142857144
Pelanggan9,Deposit,,,Jakarta,
Pelanggan9,Transfer,25179311.0,2021-05-17,Bandung,1798.5222142857142
Pelanggan4,Deposit,23819768.0,2022-01-01,Bandung,1701.412
Pelanggan2,Transfer,21368887.0,2022-11-11,Bandung,1526.3490714285715
Pelanggan5,Tarik Tunai,37532150.0,2020-11-24,LokasiSalah,2680.8678571428572
,Transfer,19555298.0,2021-10-25,Yogyakarta,1396.807
Pelanggan6,Transfer,18668992.0,2020-05-02,Medan,1333.4994285714286
Pelanggan7,Tarik Tunai,8034840.0,2021-09-17,TidakDiketahui,573.9171428571428
Pelanggan6,Transfer,28619098.0,2020-06-15,Bandung,2044.2212857142856
Pelanggan4,Deposit,42194470.0,2020-02-06,Medan,3013.8907142857142
Pelanggan6,Transfer,14709288.0,2020-02-21,Bandung,1050.6634285714285
Pelanggan7,Transfer,30895895.0,,Medan,2206.849642857143
Pelanggan6,Transfer,35176673.0,2022-08-11,,2512.6195
Pelanggan6,Tarik Tunai,10042104.0,2022-11-22,LokasiSalah,717.2931428571428
Pelanggan6,Tarik Tunai,2487865.0,2021-12-28,Bandung,177.70464285714286
Pelanggan4,Transfer,,2022-08-20,TidakDiketahui,
Pelanggan9,Transfer,41093327.0,2021-07-30,Surabaya,2935.237642857143
Pelanggan1,Tarik Tunai,38835732.0,2022-09-23,Jakarta,2773.980857142857
Pelanggan1,Tarik Tunai,2069025.0,2022-10-03,TidakDiketahui,147.7875
Pelanggan3,Transfer,12072468.0,2022-02-12,TidakDiketahui,862.3191428571429
Pelanggan8,Deposit,5344910.0,2021-12-23,Surabaya,381.7792857142857
Pelanggan9,Transfer,40595740.0,2020-04-03,Yogyakarta,2899.695714285714
Pelanggan3,,-47891604.0,2022-08-31,Bandung,-3420.828857142857
Pelanggan5,Deposit,37481461.0,2022-07-13,,2677.247214285714
Pelanggan3,,24267271.0,2022-07-12,Medan,1733.3765
Pelanggan10,Deposit,28017642.0,2020-11-10,Medan,2001.260142857143
,Tarik Tunai,38914170.0,,Surabaya,2779.5835714285713
Pelanggan2,Deposit,7048132.0,2022-09-05,Medan,503.438
Pelanggan1,Deposit,35851483.0,2022-08-13,Bandung,2560.8202142857144
Pelanggan9,Tarik Tunai,623852.0,2021-04-29,Surabaya,44.560857142857145
Pelanggan1,Transfer,2029729.0,2022-10-12,Surabaya,144.98064285714287
Pelanggan2,Tarik Tunai,48277747.0,2021-09-14,Medan,3448.4105
Pelanggan6,,48708077.0,2020-11-12,LokasiSalah,3479.148357142857
Pelanggan9,Tarik Tunai,43380582.0,2020-06-04,Jakarta,3098.613
Pelanggan4,,30927094.0,2021-03-29,TidakDiketahui,2209.0781428571427
Pelanggan6,,38254542.0,2021-10-16,LokasiSalah,2732.467285714286
Pelanggan3,Transfer,20222739.0,2020-05-27,TidakDiketahui,1444.4813571428572
Pelanggan7,Transfer,49204820.0,2021-02-23,Jakarta,3514.63
Pelanggan10,Tarik Tunai,46007722.0,2021-05-21,Jakarta,3286.265857142857
Pelanggan4,Tarik Tunai,36796314.0,2022-10-11,Jakarta,2628.3081428571427
Pelanggan1,Transfer,31694026.0,2021-09-08,Jakarta,2263.859
Pelanggan3,Transfer,43433160.0,2021-11-18,Yogyakarta,3102.3685714285716
Pelanggan3,Tarik Tunai,2250379.0,2022-11-30,Surabaya,160.74135714285714
Pelanggan10,Transfer,21628274.0,2020-08-13,Surabaya,1544.8767142857143
Pelanggan10,,44442485.0,2022-05-01,Bandung,3174.4632142857145
,Tarik Tunai,41803240.0,2022-05-08,Medan,2985.945714285714
Pelanggan7,Transfer,20318208.0,2022-06-15,Bandung,1451.3005714285714
Pelanggan3,,2765005.0,2021-06-20,Bandung,197.50035714285715
Pelanggan5,Tarik Tunai,28144082.0,2022-02-10,Surabaya,2010.2915714285714
Pelanggan4,Tarik Tunai,1493140.0,2021-07-18,TidakDiketahui,106.65285714285714
Pelanggan9,Tarik Tunai,39085654.0,2022-07-19,Jakarta,2791.8324285714284
Pelanggan4,Transfer,12662458.0,2020-06-07,LokasiSalah,904.4612857142857
Pelanggan9,Transfer,49907885.0,2022-04-10,TidakDiketahui,3564.8489285714286
Pelanggan2,Deposit,41224603.0,2021-02-16,Bandung,2944.6145
Pelanggan1,Tarik Tunai,39875926.0,2020-12-09,TidakDiketahui,2848.2804285714287
Pelanggan9,Transfer,21026170.0,2022-02-02,,1501.8692857142858
,Tarik Tunai,21140342.0,2020-12-25,Surabaya,1510.0244285714286
Pelanggan2,Transfer,11857437.0,2022-04-04,Medan,846.9597857142857
Pelanggan1,Tarik Tunai,26413292.0,,Surabaya,1886.6637142857144
Pelanggan4,Transfer,37101003.0,2022-06-01,Yogyakarta,2650.0716428571427
Pelanggan9,Tarik Tunai,36265980.0,2021-04-14,Medan,2590.427142857143
Pelanggan6,,15459960.0,2021-05-03,,1104.2828571428572
Pelanggan8,Deposit,37255556.0,2022-05-26,Bandung,2661.111142857143
Pelanggan6,Tarik Tunai,31445757.0,,Jakarta,2246.1255
Pelanggan2,Deposit,27983829.0,2021-09-01,Yogyakarta,1998.8449285714287
Pelanggan2,Transfer,23294017.0,2021-05-05,Yogyakarta,1663.8583571428571
Pelanggan10,Deposit,30244397.0,2022-02-17,LokasiSalah,2160.3140714285714
Pelanggan5,Deposit,41156525.0,2021-07-29,TidakDiketahui,2939.7517857142857
Pelanggan3,Deposit,1294428.0,2022-08-30,Medan,92.45914285714285
Pelanggan4,Deposit,37255476.0,2022-03-24,Yogyakarta,2661.1054285714285
Pelanggan4,Tarik Tunai,14757129.0,2020-05-13,Jakarta,1054.080642857143
Pelanggan4,Transfer,10258283.0,2020-12-05,Medan,732.7345
Pelanggan2,Deposit,42122400.0,2020-09-04,LokasiSalah,3008.7428571428572
Pelanggan5,Deposit,6202558.0,2020-11-21,LokasiSalah,443.03985714285716
Pelanggan4,Deposit,16319330.0,2021-12-06,Yogyakarta,1165.6664285714285
Pelanggan8,Deposit,,2020-01-14,Yogyakarta,
Pelanggan7,Deposit,42200366.0,2021-02-28,Yogyakarta,3014.311857142857
Pelanggan2,Tarik Tunai,45899324.0,2021-01-10,Medan,3278.523142857143
Pelanggan6,Transfer,18471102.0,2022-10-21,LokasiSalah,1319.3644285714286
Pelanggan7,Transfer,35123865.0,2020-02-04,Yogyakarta,2508.8475
Pelanggan6,Tarik Tunai,10362906.0,2022-06-28,LokasiSalah,740.2075714285714
Pelanggan1,Tarik Tunai,38037712.0,2021-12-31,,2716.979428571429
Pelanggan2,Deposit,40261634.0,2020-02-21,TidakDiketahui,2875.831
Pelanggan2,Deposit,17406276.0,2021-10-08,Surabaya,1243.3054285714286
Pelanggan1,Deposit,49900875.0,2021-06-08,LokasiSalah,3564.348214285714
Pelanggan10,Deposit,44361387.0,2021-10-11,Jakarta,3168.6705
Pelanggan8,Transfer,22169983.0,2021-08-27,Medan,1583.5702142857142
Pelanggan9,Tarik Tunai,19951356.0,2020-12-25,LokasiSalah,1425.096857142857
Pelanggan5,Tarik Tunai,31553855.0,2022-07-05,Yogyakarta,2253.8467857142855
Pelanggan8,Deposit,,2022-01-19,LokasiSalah,
Pelanggan5,Deposit,49540316.0,2022-05-08,Surabaya,3538.594
Pelanggan7,Deposit,23463598.0,2020-06-25,TidakDiketahui,1675.9712857142856
Pelanggan2,Tarik Tunai,14461830.0,2021-10-10,TidakDiketahui,1032.9878571428571
Pelanggan7,Transfer,45153381.0,2020-04-26,LokasiSalah,3225.2415
Pelanggan7,Transfer,17452740.0,2022-11-07,Surabaya,1246.6242857142856
Pelanggan2,Tarik Tunai,18509306.0,2022-02-20,Yogyakarta,1322.0932857142857
Pelanggan10,Deposit,10116900.0,2020-12-01,TidakDiketahui,722.6357142857142
Pelanggan7,Transfer,11721407.0,2021-03-25,Bandung,837.2433571428571
Pelanggan9,Tarik Tunai,15548910.0,,Bandung,1110.6364285714285
Pelanggan1,Deposit,33176352.0,2022-10-11,Surabaya,2369.7394285714286
Pelanggan5,Tarik Tunai,22273638.0,2021-06-21,Bandung,1590.9741428571429
Pelanggan10,Deposit,49477322.0,2020-05-16,Surabaya,3534.0944285714286
Pelanggan6,Tarik Tunai,25153410.0,2022-06-12,Surabaya,1796.672142857143
Pelanggan2,Tarik Tunai,11335406.0,2020-10-08,Yogyakarta,809.6718571428571
Pelanggan7,Tarik Tunai,13949156.0,2022-08-14,TidakDiketahui,996.3682857142857
Pelanggan5,Deposit,25830759.0,2020-01-14,LokasiSalah,1845.0542142857144
Pelanggan9,Transfer,1907500.0,2020-11-23,Bandung,136.25
Pelanggan4,Transfer,13718753.0,not a date,TidakDiketahui,979.9109285714286
,Transfer,3587979.0,2022-06-09,TidakDiketahui,256.2842142857143
Pelanggan9,Tarik Tunai,46414660.0,2022-07-12,Surabaya,3315.332857142857
Pelanggan6,Transfer,34286904.0,2021-10-17,Medan,2449.0645714285715
Pelanggan7,Deposit,9458054.0,2021-04-15,Medan,675.5752857142858
Pelanggan4,Transfer,3372850.0,2021-06-24,Yogyakarta,240.91785714285714
Pelanggan4,,11097341.0,2020-09-07,Jakarta,792.6672142857143
Pelanggan5,,3068546.0,2020-04-08,Bandung,219.18185714285715
Pelanggan6,Transfer,17091232.0,2022-04-10,Surabaya,1220.8022857142857
Pelanggan2,Tarik Tunai,43953298.0,2021-03-15,Surabaya,3139.5212857142856
Pelanggan5,Deposit,26659369.0,2021-01-26,,1904.2406428571428
Pelanggan9,Deposit,28101266.0,2021-07-28,LokasiSalah,2007.2332857142858
Pelanggan5,Tarik Tunai,41011020.0,2022-01-16,LokasiSalah,2929.3585714285714
Pelanggan7,Tarik Tunai,31254063.0,2020-01-22,TidakDiketahui,2232.4330714285716
Pelanggan4,Transfer,36979791.0,2021-02-20,Jakarta,2641.413642857143
Pelanggan1,Tarik Tunai,,2021-06-20,TidakDiketahui,
Pelanggan4,Tarik Tunai,14135142.0,2021-11-15,TidakDiketahui,1009.653
Pelanggan8,Transfer,14578209.0,2022-03-07,Surabaya,1041.3006428571427
Pelanggan8,Tarik Tunai,18350104.0,2020-11-20,LokasiSalah,1310.7217142857144
Pelanggan5,Tarik Tunai,11035958.0,2020-10-30,Bandung,788.2827142857143
Pelanggan3,Deposit,49860595.0,2021-02-10,Medan,3561.4710714285716
Pelanggan3,Transfer,40360601.0,2022-06-11,Surabaya,2882.900071428571
Pelanggan3,Tarik Tunai,32834830.0,2020-02-10,Bandung,2345.345
Pelanggan6,Tarik Tunai,37604015.0,2022-10-22,Yogyakarta,2686.0010714285713
Pelanggan10,Transfer,,2022-01-11,TidakDiketahui,
Pelanggan7,Deposit,21243067.0,2020-11-25,LokasiSalah,1517.3619285714285
Pelanggan4,Deposit,15162373.0,2020-09-29,Surabaya,1083.0266428571429
Pelanggan3,Transfer,23642831.0,2021-09-04,Medan,1688.773642857143
Pelanggan7,Tarik Tunai,25594657.0,2022-03-30,,1828.1897857142858
Pelanggan9,Transfer,17655910.0,2021-07-06,LokasiSalah,1261.1364285714285
Pelanggan6,Deposit,5225298.0,2021-11-07,LokasiSalah,373.2355714285714
Pelanggan9,Transfer,8967761.0,2022-04-18,TidakDiketahui,640.5543571428572
Pelanggan9,Tarik Tunai,36061304.0,2022-12-17,Medan,2575.8074285714288
,Tarik Tunai,42089599.0,2022-11-24,Surabaya,3006.3999285714285
Pelanggan1,Transfer,10809106.0,2020-04-02,Bandung,772.079
Pelanggan6,Transfer,36707944.0,2022-09-18,Surabaya,2621.996
Pelanggan3,Deposit,26682990.0,2021-09-14,Bandung,1905.9278571428572
Pelanggan1,Deposit,19669023.0,2022-07-30,Medan,1404.9302142857143
Pelanggan9,Tarik Tunai,15470666.0,2020-03-18,Jakarta,1105.0475714285715
Pelanggan6,Transfer,4384726.0,2020-12-06,Bandung,313.19471428571427
Pelanggan6,Deposit,20374431.0,2022-03-18,Bandung,1455.3165
,Tarik Tunai,34876676.0,2020-02-08,Bandung,2491.191142857143
Pelanggan4,Tarik Tunai,45530192.0,2021-03-20,Medan,3252.1565714285716
Pelanggan10,Transfer,38109890.0,2022-07-21,Yogyakarta,2722.135
Pelanggan6,Tarik Tunai,40032361.0,,TidakDiketahui,2859.454357142857
Pelanggan4,Deposit,47446438.0,2021-07-03,Surabaya,3389.031285714286
Pelanggan8,Transfer,3676868.0,2021-10-25,LokasiSalah,262.63342857142857
Pelanggan10,Transfer,47293818.0,2021-06-24,Medan,3378.129857142857
Pelanggan6,Tarik Tunai,13821857.0,2020-09-07,Bandung,987.2755
Pelanggan4,Tarik Tunai,-14770051.0,2020-01-14,Yogyakarta,-1055.003642857143
Pelanggan5,Tarik Tunai,17214576.0,2022-02-20,Bandung,1229.6125714285715
Pelanggan4,Deposit,12566942.0,,TidakDiketahui,897.6387142857143
Pelanggan10,Deposit,11953724.0,2020-01-22,Medan,853.8374285714285
Pelanggan9,Transfer,12140843.0,2022-09-03,Surabaya,867.2030714285714
Pelanggan2,Tarik Tunai,3341659.0,2022-09-30,Bandung,238.68992857142857
Pelanggan9,Tarik Tunai,8047676.0,2021-01-30,Jakarta,574.834
Pelanggan5,Transfer,14229527.0,2022-04-23,Yogyakarta,1016.3947857142857
Pelanggan3,Transfer,34982276.0,2021-02-04,Yogyakarta,2498.734
Pelanggan5,Transfer,2731886.0,2022-08-12,Jakarta,195.1347142857143
Pelanggan6,Transfer,35456872.0,2022-06-07,Jakarta,2532.633714285714
Pelanggan3,Deposit,1128031.0,2020-11-02,Medan,80.57364285714286
Pelanggan5,Tarik Tunai,47667532.0,2021-10-27,TidakDiketahui,3404.8237142857142
Pelanggan10,Deposit,28792097.0,2020-08-26,Jakarta,2056.578357142857
Pelanggan9,Tarik Tunai,34733676.0,2022-09-24,Jakarta,2480.976857142857
Pelanggan7,Tarik Tunai,713550.0,2021-12-04,Jakarta,50.96785714285714
Pelanggan5,Transfer,34162619.0,2020-12-07,Yogyakarta,2440.1870714285715
Pelanggan7,Deposit,49121158.0,2022-03-27,Yogyakarta,3508.6541428571427
Pelanggan7,Transfer,25615662.0,2021-11-13,LokasiSalah,1829.6901428571427
Pelanggan2,Deposit,42034754.0,2020-09-11,Bandung,3002.4824285714285
Pelanggan10,Deposit,40875377.0,2020-01-22,Surabaya,2919.669785714286
Pelanggan1,Deposit,45140805.0,2021-02-14,LokasiSalah,3224.343214285714
Pelanggan3,Deposit,3507459.0,2022-04-25,Jakarta,250.53278571428572
Pelanggan9,Deposit,40386275.0,,Medan,2884.7339285714284
Pelanggan2,Transfer,3951219.0,2021-06-30,Jakarta,282.22992857142856
Pelanggan7,Deposit,37284532.0,2020-01-18,Surabaya,2663.1808571428573
Pelanggan3,Tarik Tunai,,2022-12-11,Bandung,
Pelanggan10,Tarik Tunai,41408307.0,2022-01-28,Jakarta,2957.736214285714
,Deposit,29041649.0,2021-04-18,Jakarta,2074.4035
Pelanggan4,Deposit,39422607.0,2021-05-28,LokasiSalah,2815.9005
Pelanggan8,Transfer,18683621.0,2020-10-14,Medan,1334.544357142857
Pelanggan2,Transfer,46393734.0,2022-11-12,Medan,3313.838142857143
Pelanggan4,Transfer,44362565.0,2022-07-19,Bandung,3168.7546428571427
Pelanggan4,Deposit,6741937.0,2021-05-12,TidakDiketahui,481.56692857142855
,,46401197.0,,Medan,3314.3712142857144
Pelanggan8,Tarik Tunai,5048158.0,2020-11-05,Medan,360.5827142857143
Pelanggan2,Transfer,20463645.0,2022-02-01,,1461.6889285714285
Pelanggan3,Transfer,6464332.0,2021-04-17,Yogyakarta,461.738
Pelanggan9,Deposit,30870205.0,2021-07-08,LokasiSalah,2205.014642857143
Pelanggan9,Transfer,34629090.0,2021-01-05,Bandung,2473.5064285714284
Pelanggan7,Transfer,11570945.0,2020-06-11,Yogyakarta,826.4960714285714
Pelanggan5,Tarik Tunai,29181582.0,2021-12-25,Surabaya,2084.3987142857145
Pelanggan1,Tarik Tunai,37914145.0,2021-07-14,Yogyakarta,2708.1532142857145
Pelanggan8,Tarik Tunai,33894616.0,2022-10-14,LokasiSalah,2421.044
Pelanggan10,Deposit,1000000000.0,2020-01-06,Bandung,71428.57142857143
Pelanggan3,Deposit,5960789.0,2022-03-25,LokasiSalah,425.77064285714283
Pelanggan1,Transfer,-36253708.0,2020-04-16,TidakDiketahui,-2589.5505714285714
,Transfer,40442691.0,2021-02-22,Medan,2888.7636428571427
Pelanggan9,Tarik Tunai,2948926.0,2021-11-18,Bandung,210.63757142857142
Pelanggan2,,2313059.0,2021-03-14,LokasiSalah,165.2185
Pelanggan8,,29887188.0,2022-04-21,Jakarta,2134.7991428571427
Pelanggan8,Transfer,3909749.0,2021-01-02,LokasiSalah,279.2677857142857
Pelanggan1,Transfer,3154989.0,,Surabaya,225.35635714285715
Pelanggan4,Deposit,2089073.0,2021-11-23,Jakarta,149.2195
Pelanggan4,Deposit,11552456.0,2022-06-02,Yogyakarta,825.1754285714286
Pelanggan6,Tarik Tunai,787648.0,2022-04-03,Medan,56.26057142857143
Pelanggan10,Tarik Tunai,13055697.0,2022-04-20,Bandung,932.5497857142857
Pelanggan3,Deposit,24121580.0,2020-07-11,LokasiSalah,1722.97
Pelanggan7,Deposit,1432092.0,2020-02-23,Bandung,102.29228571428571
Pelanggan3,Transfer,24048698.0,2020-11-17,Surabaya,1717.7641428571428
Pelanggan9,Deposit,-1000000000.0,2021-11-21,Medan,-71428.57142857143
Pelanggan6,Deposit,10570122.0,2020-06-28,TidakDiketahui,755.0087142857143
Pelanggan10,Tarik Tunai,3800755.0,2020-11-24,Bandung,271.4825
Pelanggan2,Deposit,46026256.0,2020-07-01,Jakarta,3287.5897142857143
Pelanggan3,Transfer,26872184.0,2020-01-29,Medan,1919.4417142857144
Pelanggan3,Tarik Tunai,9402389.0,2022-10-26,Bandung,671.5992142857143
Pelanggan3,Deposit,12064976.0,2021-05-05,,861.784
Pelanggan8,Tarik Tunai,23952376.0,2020-10-02,Medan,1710.884
Pelanggan8,Transfer,23486490.0,2020-11-19,Yogyakarta,1677.6064285714285
Pelanggan7,Deposit,29504308.0,2021-07-26,TidakDiketahui,2107.4505714285715
Pelanggan6,Tarik Tunai,45387022.0,2020-03-04,LokasiSalah,3241.930142857143
Pelanggan5,Deposit,33238800.0,2021-04-30,Bandung,2374.2
Pelanggan1,Tarik Tunai,30982893.0,2021-12-04,Surabaya,2213.0637857142856
Pelanggan2,Tarik Tunai,7059517.0,2020-03-11,LokasiSalah,504.2512142857143
Pelanggan3,Tarik Tunai,46992870.0,2020-07-30,Jakarta,3356.6335714285715
Pelanggan9,Transfer,13432917.0,2022-06-28,Medan,959.4940714285714
Pelanggan2,Tarik Tunai,39999745.0,2020-10-05,Medan,2857.124642857143
Pelanggan4,Deposit,8036307.0,2021-06-07,,574.0219285714286
Pelanggan7,Tarik Tunai,49411448.0,2022-11-10,Yogyakarta,3529.389142857143
Pelanggan9,Deposit,1718005.0,2020-08-04,Yogyakarta,122.71464285714286
Pelanggan2,Deposit,45121845.0,2022-05-28,Jakarta,3222.9889285714285
Pelanggan4,Deposit,12566942.0,,TidakDiketahui,897.6387142857143
Pelanggan10,Tarik Tunai,,2021-08-09,Yogyakarta,
Pelanggan9,Tarik Tunai,41863650.0,2022-07-10,TidakDiketahui,2990.260714285714
Pelanggan2,Deposit,20886434.0,2021-09-10,Jakarta,1491.8881428571428
Pelanggan5,Tarik Tunai,35797739.0,2021-03-05,Bandung,2556.981357142857
Pelanggan3,Transfer,30357169.0,2022-11-21,Bandung,2168.3692142857144
Pelanggan9,Deposit,12801754.0,2021-02-16,Surabaya,914.411
Pelanggan2,Tarik Tunai,,2020-07-24,Surabaya,
Pelanggan8,Deposit,29056314.0,2021-08-31,Surabaya,2075.451
Pelanggan9,Tarik Tunai,22064608.0,2022-10-11,Bandung,1576.0434285714286
Pelanggan4,Tarik Tunai,16516070.0,2021-08-12,LokasiSalah,1179.7192857142857
Pelanggan7,Tarik Tunai,39945398.0,2022-10-16,Yogyakarta,2853.242714285714
Pelanggan9,Transfer,2778141.0,2022-10-22,Jakarta,198.43864285714287
Pelanggan7,Transfer,13652012.0,2020-01-06,Bandung,975.1437142857143
Pelanggan8,Deposit,41141866.0,2022-07-16,Medan,2938.704714285714
Pelanggan5,Deposit,44123140.0,2021-02-06,LokasiSalah,3151.652857142857
Pelanggan5,Deposit,28906485.0,2022-02-12,Jakarta,2064.7489285714287
Pelanggan4,Deposit,10348481.0,2022-12-29,Bandung,739.1772142857143
Pelanggan8,Tarik Tunai,42757951.0,2020-07-14,TidakDiketahui,3054.139357142857
Pelanggan8,Tarik Tunai,9432241.0,2020-04-30,Bandung,673.7315
Pelanggan6,Tarik Tunai,4839616.0,2022-01-28,Yogyakarta,345.68685714285715
,Tarik Tunai,-13982300.0,2022-06-11,Yogyakarta,-998.7357142857143
Pelanggan7,Tarik Tunai,15674000.0,2021-02-01,Bandung,1119.5714285714287
Pelanggan3,,14549614.0,2020-03-16,LokasiSalah,1039.258142857143
Pelanggan9,Tarik Tunai,2177836.0,2022-10-08,Jakarta,155.55971428571428
Pelanggan2,Transfer,40808379.0,2021-10-20,Surabaya,2914.8842142857143
Pelanggan6,Transfer,28482478.0,2022-02-25,TidakDiketahui,2034.4627142857144
Pelanggan6,Tarik Tunai,34720137.0,2021-05-27,,2480.0097857142855
Pelanggan10,Transfer,34972956.0,2020-03-18,Medan,2498.0682857142856
Pelanggan4,Transfer,3944523.0,2022-04-23,Yogyakarta,281.7516428571429
Pelanggan1,Tarik Tunai,669336.0,2021-06-16,LokasiSalah,47.809714285714286
Pelanggan5,Transfer,4429868.0,2021-08-15,Jakarta,316.41914285714284
Pelanggan1,Transfer,47620533.0,2021-04-05,Surabaya,3401.4666428571427
Pelanggan9,Deposit,,2022-03-11,Surabaya,
Pelanggan4,Deposit,39868227.0,2020-01-21,Surabaya,2847.7305
Pelanggan7,Deposit,44279228.0,2022-12-14,Yogyakarta,3162.802
Pelanggan6,Deposit,11977600.0,2022-09-22,TidakDiketahui,855.5428571428571
Pelanggan8,Tarik Tunai,34127825.0,2020-03-20,Bandung,2437.7017857142855
Pelanggan10,Deposit,16818419.0,2022-03-11,Surabaya,1201.3156428571428
