account_id,transaction_amount,transaction_type,date,receiver_id
10476,283686,setoran,2023-07-18 21:22:12,67262
63171,749129,setoran,2023-08-03 06:54:12,44221
24266,1895621,setoran,2023-09-08 01:43:12,45800
61208,1297116,penarikan,2023-07-19 17:26:12,46132
93352,134309,penarikan,2023-08-04 09:46:12,11688
65775,728505,setoran,2023-09-10 14:45:12,58775
55498,1273636,penarikan,2023-08-11 23:49:12,79553
33066,808983,setoran,2023-08-23 23:48:12,97318
65884,1544941,setoran,2023-09-10 15:23:12,82458
39409,1648087,penarikan,2023-08-29 13:06:12,99008
89681,1116933,penarikan,2023-09-02 03:40:12,86855
91726,1733159,setoran,2023-08-24 18:28:12,72018
68197,286634,setoran,2023-07-14 19:23:12,36887
23874,234522,penarikan,2023-09-12 21:43:12,75381
79194,1969492,setoran,2023-07-21 06:21:12,15772
88800,447707,penarikan,2023-07-26 06:52:12,56068
40108,196095,setoran,2023-09-12 20:48:12,11965
63732,1512943,penarikan,2023-08-26 03:39:12,63754
42706,1430372,setoran,2023-08-16 02:16:12,65573
37357,1220819,penarikan,2023-09-08 16:25:12,41531
15098,563946,setoran,2023-09-05 18:47:12,36958
30293,732116,setoran,2023-08-20 19:35:12,61254
47949,1285509,penarikan,2023-07-27 06:33:12,43294
46680,475498,penarikan,2023-08-06 05:30:12,55540
90615,428528,penarikan,2023-07-27 07:44:12,20305
43756,1464606,setoran,2023-07-29 21:10:12,48422
30413,1091870,penarikan,2023-08-13 14:44:12,96163
65671,1455102,penarikan,2023-07-18 21:15:12,96163
79927,1425017,penarikan,2023-08-06 02:22:12,74016
44777,922329,setoran,2023-07-16 21:23:12,92622
54970,798165,setoran,2023-07-24 13:11:12,86556
60150,657200,setoran,2023-08-21 09:49:12,88298
77083,191202,penarikan,2023-08-25 08:30:12,34343
35017,1378706,penarikan,2023-08-21 05:32:12,89916
85820,1483876,penarikan,2023-08-24 15:34:12,36232
50574,578937,penarikan,2023-08-05 04:52:12,81107
97771,1250825,setoran,2023-07-30 15:34:12,93204
30852,1552667,setoran,2023-08-31 00:03:12,24863
52722,1442700,penarikan,2023-07-30 23:17:12,23805
85746,429591,setoran,2023-07-17 13:52:12,86837
39645,776934,penarikan,2023-08-17 23:35:12,10804
33450,1808253,penarikan,2023-08-16 10:48:12,34405
59138,945882,penarikan,2023-08-27 06:13:12,55325
35045,1738780,setoran,2023-07-15 08:46:12,63500
31803,328560,penarikan,2023-08-12 23:45:12,97665
91580,1863262,penarikan,2023-07-19 21:07:12,36715
34425,1482626,setoran,2023-08-24 04:03:12,53010
95154,776714,penarikan,2023-09-12 21:22:12,43513
58230,231460,penarikan,2023-08-06 16:30:12,13871
25822,1810832,setoran,2023-09-03 08:15:12,90013
67248,958101,setoran,2023-08-16 11:56:12,34608
99277,1342426,penarikan,2023-07-14 10:45:12,98157
78094,397273,setoran,2023-08-20 05:56:12,14058
12013,1573753,penarikan,2023-08-25 15:05:12,26998
68125,981330,setoran,2023-08-06 14:52:12,16023
54029,1884327,penarikan,2023-07-15 19:34:12,14105
55295,1206785,setoran,2023-09-02 21:52:12,64057
59781,242229,setoran,2023-08-09 23:37:12,53124
74077,444978,setoran,2023-08-11 01:46:12,56926
48637,1340780,setoran,2023-08-24 03:02:12,64865
81825,1828964,penarikan,2023-09-01 16:44:12,64478
22810,741670,penarikan,2023-07-23 15:33:12,71563
27281,1466428,penarikan,2023-08-19 00:44:12,34682
91575,710964,setoran,2023-08-20 06:36:12,75683
91974,943439,penarikan,2023-08-17 11:24:12,62952
34387,716386,setoran,2023-07-17 05:40:12,12601
56563,694625,penarikan,2023-08-02 01:06:12,36279
22488,1951927,setoran,2023-07-14 09:06:12,67315
94464,1475073,penarikan,2023-08-07 06:27:12,65459
84656,977863,penarikan,2023-09-09 23:24:12,72105
84486,235719,penarikan,2023-09-04 02:22:12,48076
37239,904499,setoran,2023-08-02 10:42:12,94665
87837,870807,setoran,2023-08-18 08:04:12,83964
56666,831242,penarikan,2023-07-27 09:11:12,98607
13179,1448767,penarikan,2023-08-01 12:33:12,70685
97937,1927396,setoran,2023-08-21 12:19:12,89951
39019,1946388,setoran,2023-08-26 00:40:12,50360
65800,654969,penarikan,2023-08-16 20:17:12,28882
83889,1660955,setoran,2023-07-21 13:39:12,10734
33606,452682,setoran,2023-07-14 22:12:12,71684
13842,176814,setoran,2023-09-07 21:24:12,80995
28543,1602533,setoran,2023-09-10 07:24:12,14917
39059,1488988,penarikan,2023-08-21 22:22:12,13154
79464,263254,penarikan,2023-09-01 04:48:12,35370
69165,1460341,penarikan,2023-09-08 22:49:12,24759
10140,635211,penarikan,2023-07-17 14:38:12,66916
87630,1501961,setoran,2023-07-29 17:29:12,25950
27717,1159929,penarikan,2023-08-07 01:40:12,87717
30133,630044,setoran,2023-08-24 07:55:12,86356
88416,855294,setoran,2023-08-04 13:14:12,18824
86076,1409940,penarikan,2023-08-20 06:34:12,97603
12414,445804,setoran,2023-09-08 04:56:12,77481
80161,1858586,setoran,2023-07-27 12:30:12,63245
89746,449709,penarikan,2023-08-09 15:53:12,97572
88690,860237,penarikan,2023-07-15 03:41:12,66043
58906,1054521,setoran,2023-09-11 02:39:12,96068
22184,346911,setoran,2023-08-16 03:35:12,25601
72606,922560,penarikan,2023-08-09 04:12:12,92917
25819,1497538,setoran,2023-08-18 23:39:12,65154
81152,1300662,penarikan,2023-08-19 03:49:12,16944
80592,1116937,setoran,2023-08-08 06:28:12,44360
55982,1295029,setoran,2023-09-04 16:54:12,93568
76371,1505426,setoran,2023-07-18 06:20:12,39740
41517,1811027,penarikan,2023-08-31 02:56:12,27611
44871,154536,penarikan,2023-08-11 07:51:12,63528
21163,271340,penarikan,2023-08-04 15:27:12,93833
37130,834502,penarikan,2023-09-11 08:28:12,79803
84476,621482,setoran,2023-08-28 08:53:12,67807
47454,666824,penarikan,2023-08-27 17:33:12,31193
45719,1262959,setoran,2023-08-04 08:34:12,20148
86892,271664,penarikan,2023-07-27 05:28:12,58265
54628,1732688,penarikan,2023-07-23 15:59:12,75436
61149,1849516,penarikan,2023-07-22 20:01:12,51120
51151,1912701,penarikan,2023-09-04 07:13:12,61400
90216,1845551,setoran,2023-08-24 02:34:12,73749
32112,537078,setoran,2023-08-30 06:32:12,65952
41132,699994,setoran,2023-08-27 22:51:12,26280
22347,1741752,penarikan,2023-07-27 19:58:12,11382
32221,1436655,penarikan,2023-08-16 15:13:12,15341
71890,978768,setoran,2023-09-05 20:39:12,50871
25770,1009105,setoran,2023-07-20 11:53:12,42180
93544,942265,penarikan,2023-08-21 05:45:12,29246
96206,1041183,setoran,2023-08-25 16:36:12,95750
69607,1760641,penarikan,2023-08-04 16:18:12,54336
65947,1203319,setoran,2023-08-04 07:18:12,46602
71349,1835688,setoran,2023-07-20 07:11:12,59386
96039,1492627,setoran,2023-08-06 19:24:12,59611
83169,977490,setoran,2023-09-12 14:13:12,91665
55891,1595166,penarikan,2023-08-26 06:04:12,13841
27204,1918898,setoran,2023-08-01 22:14:12,42442
97876,1993892,penarikan,2023-09-12 05:48:12,74880
59419,1030543,setoran,2023-07-14 09:52:12,19473
25381,1863616,penarikan,2023-08-28 21:58:12,70193
97288,300281,penarikan,2023-07-26 01:18:12,83074
47204,1302752,setoran,2023-08-11 18:14:12,59941
69201,340085,penarikan,2023-08-10 22:03:12,10522
73681,954997,penarikan,2023-07-17 16:23:12,70775
83581,814117,penarikan,2023-08-23 15:19:12,25293
29832,1793647,setoran,2023-08-23 06:15:12,31971
18047,587775,penarikan,2023-09-10 12:26:12,87190
71336,1087122,penarikan,2023-09-11 12:25:12,44890
82929,830946,penarikan,2023-08-05 14:25:12,13945
90333,1041907,penarikan,2023-08-15 21:15:12,82906
74654,1183464,setoran,2023-08-16 18:15:12,28939
90538,1013770,setoran,2023-08-30 12:18:12,16560
55048,563629,setoran,2023-08-18 05:32:12,86437
33109,1830056,setoran,2023-07-23 18:43:12,69876
57644,1225345,setoran,2023-08-04 11:02:12,42641
58714,985740,setoran,2023-08-30 21:06:12,54456
46553,843035,setoran,2023-07-14 23:00:12,95534
36530,1351181,setoran,2023-07-18 13:04:12,44082
46118,1785793,setoran,2023-07-29 20:16:12,69401
89426,974895,penarikan,2023-08-30 09:39:12,21418
23280,1498290,penarikan,2023-09-03 15:59:12,41282
83385,1779921,penarikan,2023-08-21 22:19:12,43252
29960,1857732,penarikan,2023-08-16 11:35:12,35163
60812,575941,penarikan,2023-08-22 12:56:12,25672
14624,430164,penarikan,2023-08-25 12:40:12,84302
36369,966680,penarikan,2023-07-25 14:26:12,76165
87989,1703699,penarikan,2023-07-25 18:56:12,50767
78021,1239937,setoran,2023-09-05 07:47:12,75001
76254,989404,penarikan,2023-08-27 11:09:12,87852
75718,101212,penarikan,2023-07-23 11:08:12,36199
19649,1600702,setoran,2023-08-25 10:47:12,68496
32616,1878723,setoran,2023-08-08 00:04:12,23701
56020,119167,penarikan,2023-08-11 09:48:12,35728
28835,778031,setoran,2023-08-03 17:49:12,17949
93134,408604,penarikan,2023-08-29 13:48:12,48028
75542,1489445,penarikan,2023-08-08 14:39:12,69491
91703,781872,penarikan,2023-08-24 09:22:12,67994
55161,1385698,penarikan,2023-09-07 08:38:12,43924
47519,377314,setoran,2023-09-11 05:44:12,75754
84932,559089,setoran,2023-09-10 13:51:12,33430
79427,257169,penarikan,2023-08-13 10:50:12,39315
92181,529076,setoran,2023-08-17 17:50:12,94253
72126,1707482,penarikan,2023-07-15 11:35:12,86406
94943,682023,penarikan,2023-07-17 05:31:12,77524
17186,184968,setoran,2023-09-07 16:03:12,42878
89300,704039,penarikan,2023-08-23 10:04:12,71541
41212,818634,setoran,2023-08-03 07:53:12,46552
46324,239088,setoran,2023-09-05 12:32:12,89529
84579,253981,penarikan,2023-08-09 20:39:12,85259
93260,800618,setoran,2023-08-19 12:25:12,12970
92684,1082599,setoran,2023-07-18 21:25:12,28437
37662,857502,setoran,2023-07-30 11:35:12,56408
88314,1603792,setoran,2023-07-26 23:49:12,80772
33407,206556,penarikan,2023-07-30 22:29:12,51790
44110,1954992,penarikan,2023-09-06 21:25:12,98302
60189,1441665,penarikan,2023-08-09 06:41:12,72340
64198,1435603,setoran,2023-08-23 19:51:12,97706
43266,407854,setoran,2023-08-29 02:45:12,30121
38258,1033131,penarikan,2023-07-27 21:22:12,60148
16478,957944,setoran,2023-07-17 05:28:12,31818
38145,1897874,penarikan,2023-07-28 12:26:12,63691
56419,1227866,setoran,2023-09-11 15:02:12,44173
41929,1839203,penarikan,2023-08-13 05:39:12,59225
88162,1842708,setoran,2023-08-10 01:32:12,51496
11168,1434381,setoran,2023-07-28 11:15:12,35333
36674,421721,penarikan,2023-09-02 02:20:12,32436
52712,478969,setoran,2023-08-17 05:53:12,55699
19302,418212,penarikan,2023-08-06 23:11:12,41596
96844,225219,setoran,2023-07-25 05:49:12,31344
13082,1428915,setoran,2023-08-18 13:26:12,30882
82884,482713,penarikan,2023-09-06 14:49:12,70101
94175,351071,penarikan,2023-08-12 09:52:12,54567
64882,849930,penarikan,2023-08-23 17:22:12,42298
22457,738487,setoran,2023-08-14 04:25:12,49842
59176,1099499,penarikan,2023-08-02 07:08:12,28316
88769,1038476,penarikan,2023-08-13 02:29:12,18856
35527,218856,setoran,2023-08-27 07:26:12,68053
25773,1745850,setoran,2023-07-27 02:31:12,83336
67299,402602,penarikan,2023-08-12 21:28:12,59903
77533,851455,setoran,2023-08-21 20:25:12,65507
34925,866295,setoran,2023-09-06 05:44:12,74910
41188,1742308,penarikan,2023-09-04 09:40:12,12040
12938,138438,penarikan,2023-09-05 02:33:12,83323
61450,169217,setoran,2023-08-28 19:34:12,49674
41868,1185344,penarikan,2023-08-02 20:58:12,51217
53811,285239,setoran,2023-09-06 15:46:12,70590
31098,1907745,penarikan,2023-07-31 21:46:12,90169
28452,1190600,penarikan,2023-08-14 04:21:12,93965
70616,1913985,setoran,2023-08-10 02:58:12,86467
18815,402525,penarikan,2023-08-08 22:34:12,70930
63243,1910192,penarikan,2023-08-01 15:55:12,89482
56291,446516,setoran,2023-08-27 03:10:12,57808
90763,1250432,penarikan,2023-07-31 05:58:12,88316
90308,707357,setoran,2023-07-22 18:54:12,70242
41826,1882553,setoran,2023-09-08 14:53:12,47478
37933,1484407,penarikan,2023-08-21 18:02:12,84571
72080,436913,setoran,2023-08-22 13:21:12,29247
93969,1762427,penarikan,2023-09-10 12:26:12,89956
18448,103161,setoran,2023-09-10 02:39:12,36597
84683,1252332,setoran,2023-08-14 17:37:12,81415
61304,1091207,penarikan,2023-08-07 14:34:12,59157
34595,1961266,setoran,2023-08-29 03:02:12,44387
67939,1327958,setoran,2023-07-22 21:28:12,61016
32881,1320233,setoran,2023-09-10 20:14:12,38285
86672,809699,penarikan,2023-07-30 05:59:12,89638
97862,645554,setoran,2023-08-24 04:22:12,76398
40228,803642,penarikan,2023-08-12 14:44:12,57920
31819,1823012,penarikan,2023-08-05 20:26:12,82697
40999,819420,setoran,2023-07-16 16:21:12,47613
14046,1826410,setoran,2023-08-10 02:25:12,60579
79764,1415130,setoran,2023-08-02 00:02:12,59100
46632,1555790,setoran,2023-08-29 03:58:12,31626
76128,958128,setoran,2023-09-03 05:29:12,77944
77868,1165525,setoran,2023-07-18 05:09:12,88293
55759,1558858,setoran,2023-08-01 15:08:12,50245
72533,1990891,setoran,2023-08-02 16:04:12,79686
91556,1411029,setoran,2023-08-10 21:13:12,84578
67161,426727,setoran,2023-09-05 00:49:12,82875
60363,331003,penarikan,2023-07-18 12:07:12,13203
81793,1704915,penarikan,2023-08-06 05:47:12,22593
15779,382104,setoran,2023-08-10 00:04:12,49498
90940,1599599,setoran,2023-08-27 22:05:12,50568
56859,1411388,penarikan,2023-08-10 01:47:12,30648
94187,438110,setoran,2023-07-21 11:55:12,52797
29380,277202,setoran,2023-08-02 08:36:12,33079
11097,147954,setoran,2023-08-20 04:50:12,80143
43906,971713,setoran,2023-09-12 09:35:12,24158
54430,916942,penarikan,2023-08-25 17:53:12,15404
67989,1182770,setoran,2023-08-10 04:23:12,50030
34077,451404,penarikan,2023-08-21 08:27:12,39226
90564,1375704,penarikan,2023-09-06 00:32:12,92027
52938,1210467,setoran,2023-08-08 02:17:12,90825
75112,1799044,setoran,2023-08-07 21:39:12,97859
68104,1776414,penarikan,2023-07-23 13:36:12,65688
70995,1264987,setoran,2023-08-20 15:10:12,40079
41717,710157,setoran,2023-07-18 22:31:12,11446
68656,1935351,setoran,2023-08-21 00:07:12,64293
29687,1176764,setoran,2023-08-19 01:41:12,36923
56814,508732,penarikan,2023-09-07 08:37:12,63111
37285,502013,setoran,2023-08-06 20:25:12,76114
90987,904557,penarikan,2023-09-08 06:28:12,73977
20789,1932670,setoran,2023-08-15 21:08:12,23901
88457,334167,penarikan,2023-08-31 14:45:12,81152
99572,1028288,penarikan,2023-07-20 19:07:12,56802
39878,381291,setoran,2023-09-08 10:57:12,20648
36303,1851702,setoran,2023-07-31 17:58:12,90382
35571,829088,penarikan,2023-08-20 20:41:12,10699
10316,343097,setoran,2023-07-21 15:25:12,14465
46202,1383490,setoran,2023-08-01 18:32:12,88472
21018,989550,penarikan,2023-07-26 17:36:12,92788
23333,1931660,setoran,2023-07-24 10:49:12,92596
38278,499824,setoran,2023-08-17 13:00:12,55200
49510,1084312,penarikan,2023-07-18 19:03:12,78041
41380,1566633,setoran,2023-07-31 11:10:12,55165
14532,1012857,setoran,2023-08-31 14:25:12,85817
64240,1724645,setoran,2023-09-02 16:09:12,10712
78407,573780,setoran,2023-07-28 11:01:12,21226
43509,1165877,penarikan,2023-08-11 06:51:12,20967
56090,1286113,penarikan,2023-07-29 23:55:12,99612
11665,770703,penarikan,2023-07-17 16:39:12,99797
93325,1346214,setoran,2023-09-09 16:18:12,75436
82254,511937,penarikan,2023-08-13 10:11:12,65438
31373,744618,setoran,2023-09-06 21:52:12,88084
59271,299253,setoran,2023-07-27 06:04:12,74087
93950,1566221,penarikan,2023-08-05 09:40:12,85389
99119,1837217,setoran,2023-09-10 09:32:12,67862
91654,863690,setoran,2023-07-24 22:47:12,14089
48605,1685710,setoran,2023-09-07 07:54:12,73684
61305,671929,penarikan,2023-08-31 21:28:12,87265
84809,651172,penarikan,2023-08-12 16:24:12,53620
52780,1859089,setoran,2023-08-28 16:08:12,79358
77775,636375,setoran,2023-08-15 23:43:12,70199
41817,392886,setoran,2023-09-05 23:51:12,88155
18196,1346170,setoran,2023-09-07 12:14:12,38767
79546,518915,setoran,2023-07-17 11:31:12,10330
61237,442527,penarikan,2023-07-20 20:19:12,23638
44751,132558,setoran,2023-08-02 10:28:12,56991
79841,1330000,penarikan,2023-08-06 01:59:12,82018
44544,165329,penarikan,2023-07-19 18:46:12,43888
41265,939984,setoran,2023-08-17 21:10:12,67059
36925,582613,setoran,2023-07-20 16:47:12,81428
19957,1969514,setoran,2023-08-28 10:05:12,55306
55837,983864,setoran,2023-08-05 15:00:12,62575
62286,790871,penarikan,2023-08-28 06:31:12,73727
63913,461640,penarikan,2023-07-19 16:00:12,93483
69081,867416,penarikan,2023-08-15 06:29:12,33925
24014,940922,penarikan,2023-09-10 02:12:12,45105
65944,1987673,penarikan,2023-09-02 08:32:12,30959
26147,1930448,setoran,2023-08-05 02:02:12,15725
60564,1188864,penarikan,2023-08-05 16:52:12,82278
92159,1200190,penarikan,2023-08-28 13:48:12,55179
14751,1689140,setoran,2023-08-09 20:56:12,33334
83746,1727067,setoran,2023-07-22 21:32:12,44650
18250,1985763,setoran,2023-08-17 19:51:12,75863
61204,1072155,penarikan,2023-08-05 16:20:12,89301
56985,1214045,setoran,2023-08-07 16:24:12,54310
75529,1171816,penarikan,2023-07-23 14:44:12,47284
35804,1440979,setoran,2023-08-30 14:23:12,62354
35154,828513,penarikan,2023-08-07 12:43:12,59024
19111,1850126,penarikan,2023-09-06 19:25:12,28291
44333,1683311,setoran,2023-07-31 08:04:12,12526
76258,700887,penarikan,2023-08-13 17:10:12,35076
92186,1662187,penarikan,2023-08-28 10:46:12,27517
60384,1462166,setoran,2023-09-05 03:26:12,78314
17783,1289320,penarikan,2023-09-01 23:14:12,69182
44627,882088,penarikan,2023-09-01 04:25:12,74088
69857,830103,setoran,2023-09-04 04:20:12,89772
71547,693745,penarikan,2023-07-26 01:53:12,30268
85687,415715,penarikan,2023-07-31 12:37:12,50941
19017,1815063,penarikan,2023-09-08 10:48:12,68207
82286,952912,setoran,2023-08-10 10:15:12,87823
11726,317978,setoran,2023-08-25 11:59:12,17107
43912,967224,penarikan,2023-08-01 12:17:12,43014
97034,1964460,penarikan,2023-09-04 14:19:12,17377
35638,685254,penarikan,2023-08-14 05:59:12,15653
19876,1281092,penarikan,2023-07-30 12:45:12,91913
53120,460008,setoran,2023-07-24 08:25:12,22913
94571,1402367,setoran,2023-08-31 11:16:12,61956
85280,1302466,setoran,2023-08-25 10:59:12,75399
97929,842644,penarikan,2023-08-26 04:29:12,86544
75591,1535504,setoran,2023-09-04 23:07:12,37898
65624,1649121,setoran,2023-07-14 09:16:12,75739
70884,1117125,setoran,2023-08-30 22:36:12,59667
72452,1404025,penarikan,2023-09-04 14:49:12,72026
92387,148804,setoran,2023-09-12 10:26:12,21106
37587,362327,penarikan,2023-08-19 05:09:12,30312
66844,673413,setoran,2023-08-11 19:38:12,85945
77277,1726316,penarikan,2023-08-01 00:47:12,90344
86784,1193676,setoran,2023-09-04 09:30:12,89185
56401,1154605,setoran,2023-08-11 05:01:12,79475
90430,1007080,penarikan,2023-08-15 22:22:12,76165
77132,673516,setoran,2023-07-26 10:05:12,15113
76480,1224029,setoran,2023-09-07 04:07:12,89597
37990,1380979,setoran,2023-07-25 15:32:12,50419
74567,990856,setoran,2023-08-05 21:25:12,10770
77307,483261,penarikan,2023-09-10 01:59:12,59254
51187,1104466,penarikan,2023-07-24 20:24:12,78647
46539,1632341,setoran,2023-08-02 01:38:12,42816
50003,1081995,setoran,2023-07-23 05:10:12,82544
84339,954337,penarikan,2023-07-26 14:33:12,80128
13583,1393328,penarikan,2023-08-24 12:02:12,81282
57557,1793978,penarikan,2023-08-08 08:11:12,73270
76732,138917,penarikan,2023-09-07 08:53:12,97921
85612,1662984,penarikan,2023-09-12 21:23:12,55523
67423,1362520,penarikan,2023-08-23 16:24:12,55230
64887,1867311,penarikan,2023-08-28 11:33:12,46103
85686,1422497,setoran,2023-08-24 06:07:12,38711
99995,850455,penarikan,2023-09-04 17:56:12,55243
52873,1473077,setoran,2023-07-24 14:34:12,94080
10482,735421,penarikan,2023-08-12 20:59:12,99069
32182,1385883,setoran,2023-08-23 01:09:12,22349
64064,1859703,setoran,2023-07-28 00:47:12,22827
60141,1600679,setoran,2023-08-28 18:32:12,82426
33910,377460,penarikan,2023-07-23 00:20:12,49194
75690,1750384,setoran,2023-07-30 08:23:12,70332
76514,1176928,setoran,2023-07-30 16:41:12,35882
36115,282515,penarikan,2023-09-10 13:11:12,51372
69767,1798200,setoran,2023-07-15 10:02:12,71212
84339,810084,penarikan,2023-09-03 06:20:12,73617
74842,990687,penarikan,2023-09-03 01:36:12,91239
20822,502082,penarikan,2023-08-18 08:40:12,48273
36561,531289,setoran,2023-07-18 06:46:12,13832
39629,1217682,setoran,2023-08-09 05:37:12,33328
25675,1716658,setoran,2023-08-06 08:44:12,24762
29401,450442,setoran,2023-08-28 03:10:12,32914
45509,1768893,penarikan,2023-07-17 23:24:12,33636
56288,1626592,penarikan,2023-09-05 13:08:12,37270
35065,333921,setoran,2023-08-20 04:55:12,62735
69104,1164166,penarikan,2023-08-05 18:39:12,52105
59343,205542,setoran,2023-08-02 21:12:12,93917
56045,957712,penarikan,2023-08-09 16:45:12,19775
66683,919768,setoran,2023-09-03 05:37:12,58252
52008,991411,penarikan,2023-07-26 18:34:12,94014
63284,162494,penarikan,2023-08-29 18:10:12,71097
95794,106919,setoran,2023-08-02 16:55:12,10951
85118,398314,penarikan,2023-07-24 06:42:12,22045
67723,1077246,penarikan,2023-09-08 17:24:12,39799
46961,733487,penarikan,2023-07-27 02:34:12,86351
22103,732354,setoran,2023-08-29 12:50:12,56073
12063,1693509,penarikan,2023-09-01 16:51:12,54618
57829,318833,penarikan,2023-08-11 00:57:12,68159
48769,1474728,setoran,2023-07-22 18:07:12,41017
43719,908258,setoran,2023-08-20 06:52:12,92041
90705,367022,penarikan,2023-08-29 10:01:12,71467
47654,1026791,setoran,2023-08-19 18:28:12,63835
63728,1936806,penarikan,2023-07-24 22:52:12,95903
24584,1589785,penarikan,2023-08-01 15:22:12,58674
83267,1957815,penarikan,2023-08-04 15:22:12,92788
85748,1971841,penarikan,2023-08-15 23:45:12,54548
65585,712417,penarikan,2023-07-30 00:23:12,61758
45988,1125403,penarikan,2023-07-17 11:55:12,72073
61043,1419491,setoran,2023-08-04 14:05:12,43820
37072,499200,penarikan,2023-07-29 05:03:12,79777
97524,836230,penarikan,2023-08-01 09:14:12,30828
84195,1656178,setoran,2023-07-19 18:52:12,73805
95787,1442839,penarikan,2023-08-12 16:23:12,25327
46253,308699,penarikan,2023-09-12 04:05:12,26144
93597,1003142,setoran,2023-07-21 02:29:12,34306
48535,152213,penarikan,2023-08-03 00:03:12,44584
18926,1909189,setoran,2023-08-09 00:19:12,88098
97605,165689,penarikan,2023-09-01 01:21:12,56200
81731,1748283,penarikan,2023-08-04 19:22:12,36400
40082,1527969,penarikan,2023-07-16 10:12:12,42622
48030,1527562,penarikan,2023-07-17 11:49:12,90476
25414,1151297,setoran,2023-09-06 18:27:12,80272
52658,1157931,penarikan,2023-08-08 05:52:12,55946
11991,576993,setoran,2023-08-15 04:50:12,37316
30052,458050,setoran,2023-07-31 09:25:12,17450
28106,1109762,penarikan,2023-07-24 10:08:12,85764
24565,354614,penarikan,2023-08-20 06:59:12,51543
55026,682059,penarikan,2023-09-12 10:16:12,87542
60106,1923126,penarikan,2023-07-14 17:30:12,51307
57966,1339634,setoran,2023-08-30 06:24:12,44236
49124,868876,penarikan,2023-08-13 14:17:12,90462
97665,1818594,setoran,2023-09-04 09:45:12,46662
55940,1736928,penarikan,2023-08-22 18:07:12,79426
95652,1895872,penarikan,2023-09-01 05:52:12,82380
21848,1015821,penarikan,2023-08-16 16:13:12,99247
60791,1855351,setoran,2023-08-28 21:52:12,84451
58543,1866858,penarikan,2023-08-10 13:35:12,74172
43238,123094,setoran,2023-08-07 11:42:12,77466
72695,1429749,penarikan,2023-08-14 02:49:12,70443
78096,802365,setoran,2023-09-11 03:00:12,38017
39880,1470741,setoran,2023-09-10 02:25:12,37684
61128,1068264,setoran,2023-08-05 12:38:12,15034
20106,1566855,penarikan,2023-08-17 14:31:12,97245
70188,579536,setoran,2023-07-17 22:51:12,77403
57923,1666591,penarikan,2023-08-04 21:05:12,43469
55239,1019376,setoran,2023-07-17 17:07:12,76844
77180,752080,setoran,2023-07-29 22:59:12,14129
22184,1575301,penarikan,2023-08-30 19:49:12,96385
68085,1581620,penarikan,2023-08-12 00:15:12,91516
86682,1597414,setoran,2023-09-08 20:50:12,74042
12783,944838,setoran,2023-08-20 00:41:12,49014
73134,1954687,penarikan,2023-09-01 23:01:12,46862
96096,836256,setoran,2023-07-20 09:52:12,70354
85280,1563049,setoran,2023-08-27 07:08:12,53235
14348,572315,penarikan,2023-08-28 07:42:12,67196
87886,1444706,setoran,2023-08-02 08:30:12,66482
38329,1336567,penarikan,2023-07-24 21:01:12,44045
34750,991096,setoran,2023-07-18 11:46:12,82033
29531,695353,setoran,2023-09-09 15:42:12,34613
13788,874995,setoran,2023-08-21 06:14:12,75145
80666,1279972,penarikan,2023-08-03 02:07:12,95766
38117,299418,penarikan,2023-08-13 06:18:12,92621
88324,1687496,setoran,2023-08-08 10:03:12,29961
34099,1625951,setoran,2023-08-27 00:39:12,43386
39220,1974434,penarikan,2023-07-27 06:10:12,25346
88903,261484,penarikan,2023-08-11 14:39:12,86961
67790,571171,setoran,2023-09-03 20:28:12,26359
85734,644145,penarikan,2023-08-07 06:07:12,17267
70096,570960,setoran,2023-08-15 19:03:12,58325
65743,1781316,setoran,2023-08-28 12:09:12,76610
49506,858864,setoran,2023-07-14 09:07:12,23233
61455,811337,setoran,2023-08-13 11:31:12,90909
80119,1957279,setoran,2023-08-17 16:31:12,90708
71672,255182,penarikan,2023-08-18 11:50:12,95492
45741,836865,setoran,2023-08-08 02:22:12,39973
74965,1230366,penarikan,2023-08-22 00:48:12,43331
95494,1741732,setoran,2023-08-01 09:45:12,64636
88847,744786,penarikan,2023-07-29 14:53:12,89859
42418,1690634,penarikan,2023-07-26 15:48:12,87819
14133,929204,setoran,2023-07-27 14:50:12,21588
17114,120822,penarikan,2023-08-13 18:06:12,55832
61914,1150349,penarikan,2023-09-02 05:31:12,42199
31198,1541816,penarikan,2023-07-17 14:46:12,31160
68057,638386,penarikan,2023-08-19 08:37:12,71142
64169,155452,setoran,2023-08-18 17:01:12,14279
65776,1293666,setoran,2023-08-04 01:49:12,62500
54797,1832649,penarikan,2023-08-19 01:58:12,16439
59174,1861704,penarikan,2023-08-31 21:25:12,26381
54809,1649215,penarikan,2023-07-30 08:57:12,24698
74987,1468046,setoran,2023-07-19 17:46:12,47033
18412,491315,setoran,2023-08-04 02:52:12,73692
70942,1303380,penarikan,2023-09-13 01:49:12,53200
80276,374216,setoran,2023-09-03 08:10:12,92376
50090,1642321,setoran,2023-09-08 08:15:12,16194
86717,551050,penarikan,2023-09-08 22:56:12,58932
58487,1773124,penarikan,2023-08-16 03:02:12,84712
29557,134505,penarikan,2023-08-02 06:24:12,91409
69527,1421136,setoran,2023-08-10 19:58:12,37923
15543,199401,penarikan,2023-08-10 20:47:12,11459
40366,586711,setoran,2023-07-17 05:49:12,28645
50569,483633,penarikan,2023-09-04 05:54:12,32391
71998,761519,penarikan,2023-07-30 22:40:12,12604
79866,1362834,setoran,2023-08-06 20:20:12,15563
28426,832066,setoran,2023-08-17 23:04:12,75206
34359,1403114,penarikan,2023-08-01 03:21:12,18128
28594,192397,setoran,2023-08-22 05:10:12,39908
21146,1849320,setoran,2023-08-27 05:57:12,76504
64578,1294871,setoran,2023-08-18 00:08:12,69433
77596,1424895,setoran,2023-09-01 19:14:12,72865
79370,318725,penarikan,2023-08-05 04:15:12,88834
66205,893382,setoran,2023-08-27 13:44:12,94745
23761,1878799,setoran,2023-08-31 16:15:12,95814
47920,620823,penarikan,2023-07-19 14:51:12,62277
43256,1406519,setoran,2023-09-09 00:16:12,25677
38938,1632796,penarikan,2023-07-19 04:43:12,25995
70508,1307564,penarikan,2023-09-05 14:21:12,57575
90194,795736,penarikan,2023-09-12 05:50:12,31790
38629,1155702,penarikan,2023-09-09 20:04:12,16958
26446,598636,penarikan,2023-07-16 09:34:12,57638
95990,533295,setoran,2023-08-25 16:05:12,92151
62979,545359,penarikan,2023-07-31 08:39:12,59265
80731,1918768,setoran,2023-07-29 10:03:12,48546
38658,1863504,penarikan,2023-08-13 16:25:12,67440
96307,1607144,penarikan,2023-08-01 15:54:12,62882
33295,496614,penarikan,2023-09-03 18:21:12,94307
88134,1003239,penarikan,2023-08-13 01:49:12,32787
90711,171537,setoran,2023-08-04 07:10:12,71157
74909,1139439,setoran,2023-08-25 05:58:12,61010
31240,453114,penarikan,2023-07-18 09:25:12,98284
50616,1408017,penarikan,2023-07-25 18:57:12,28282
44669,458845,penarikan,2023-08-20 20:47:12,18944
95086,1504080,setoran,2023-08-22 08:43:12,55792
68251,1850008,penarikan,2023-09-01 20:11:12,11249
66550,634418,penarikan,2023-07-14 12:50:12,77020
94404,1402867,setoran,2023-08-20 17:04:12,74900
42151,459696,penarikan,2023-08-16 04:15:12,55397
61475,577067,penarikan,2023-08-15 01:17:12,49145
42553,355165,penarikan,2023-07-21 05:42:12,85074
64606,354689,setoran,2023-07-28 08:05:12,32112
44912,1462386,penarikan,2023-08-10 07:24:12,87445
43292,201261,penarikan,2023-09-06 06:09:12,22190
74113,1975953,penarikan,2023-07-28 11:01:12,76736
30533,1898383,penarikan,2023-07-20 16:48:12,32075
90337,1642943,setoran,2023-07-27 17:20:12,27201
88018,1633408,setoran,2023-08-27 17:05:12,23110
97229,434006,penarikan,2023-09-05 01:48:12,35136
92199,799552,penarikan,2023-09-11 23:25:12,22360
69632,647318,penarikan,2023-08-12 05:54:12,77515
66813,1362837,penarikan,2023-08-09 22:01:12,90208
19683,1141342,penarikan,2023-08-28 21:45:12,39302
83633,416026,penarikan,2023-07-30 12:05:12,20924
87839,1754797,penarikan,2023-08-15 18:19:12,79185
46096,1169479,setoran,2023-09-09 15:16:12,79714
50418,1384781,penarikan,2023-07-19 15:30:12,98940
75886,1162998,setoran,2023-07-19 02:39:12,13876
72672,1506036,setoran,2023-08-16 18:20:12,62456
57773,1063541,penarikan,2023-07-31 21:37:12,54707
17156,783284,penarikan,2023-09-12 10:17:12,94281
76023,721163,setoran,2023-08-02 22:13:12,75748
62021,928790,penarikan,2023-08-20 21:42:12,39509
65694,123377,setoran,2023-09-09 05:56:12,64475
86266,477094,setoran,2023-08-25 08:05:12,39502
90813,583052,penarikan,2023-09-03 17:15:12,37522
66857,1635890,setoran,2023-09-02 07:44:12,10478
30038,118482,penarikan,2023-08-05 06:01:12,36623
32042,603121,penarikan,2023-07-31 18:17:12,56319
35069,792021,penarikan,2023-08-06 04:37:12,67541
73058,576655,penarikan,2023-08-09 00:01:12,85760
55402,1768257,setoran,2023-08-10 22:20:12,14092
10661,929178,setoran,2023-08-04 21:28:12,51958
96856,927183,setoran,2023-08-17 02:16:12,87189
64441,1763945,setoran,2023-07-28 15:24:12,68929
37026,1395670,setoran,2023-09-03 18:58:12,22330
67022,692584,setoran,2023-08-16 07:15:12,13379
43973,664271,setoran,2023-09-03 05:35:12,38498
50689,935023,penarikan,2023-07-17 02:36:12,17992
83228,1732710,penarikan,2023-08-25 16:14:12,45287
82640,1242665,setoran,2023-09-08 02:31:12,10560
43726,908633,penarikan,2023-07-29 20:10:12,78258
57654,1167633,penarikan,2023-08-27 05:55:12,42778
44406,1700293,setoran,2023-08-10 06:40:12,96987
70378,398844,setoran,2023-08-23 11:34:12,94238
22871,1792613,penarikan,2023-08-23 22:07:12,51744
29683,794932,penarikan,2023-09-05 04:10:12,35506
89346,528339,penarikan,2023-08-05 03:45:12,18754
73372,1416816,penarikan,2023-07-15 20:07:12,91939
84355,1765043,penarikan,2023-08-14 20:44:12,23987
81046,1404877,setoran,2023-08-18 07:52:12,95672
21694,1991907,penarikan,2023-08-08 12:23:12,90819
60265,1957956,penarikan,2023-09-03 18:43:12,88480
48248,657362,setoran,2023-07-29 10:06:12,67948
80156,447159,penarikan,2023-08-16 13:02:12,97474
29469,604845,setoran,2023-08-31 06:45:12,56279
64584,1260912,setoran,2023-08-28 17:47:12,74982
72117,1343370,penarikan,2023-08-30 15:22:12,17882
87024,242125,penarikan,2023-09-10 23:41:12,45077
56998,1420682,penarikan,2023-08-09 19:23:12,80230
65363,1058274,penarikan,2023-08-01 02:32:12,69854
56775,1075854,penarikan,2023-07-19 02:13:12,74929
24396,895864,setoran,2023-08-11 18:25:12,94454
47028,1385067,penarikan,2023-08-03 19:06:12,68400
19361,1243078,setoran,2023-08-11 12:46:12,21334
14082,911337,setoran,2023-08-21 21:58:12,76403
59327,1403014,penarikan,2023-07-29 02:04:12,77169
21588,1317048,penarikan,2023-07-18 16:36:12,10916
17338,574983,penarikan,2023-08-28 15:12:12,31912
60220,531724,setoran,2023-09-01 06:20:12,27125
78140,1799765,penarikan,2023-08-21 09:28:12,70157
82692,994896,penarikan,2023-08-11 00:02:12,72384
10218,553560,setoran,2023-09-06 05:57:12,77566
85092,1379522,penarikan,2023-09-02 20:15:12,70579
41894,1983721,setoran,2023-08-14 08:10:12,29877
99530,1199924,penarikan,2023-08-10 22:27:12,70694
76814,948397,penarikan,2023-08-22 01:02:12,15427
18800,1488683,setoran,2023-08-18 21:18:12,78515
67837,292326,penarikan,2023-09-02 10:11:12,81769
62002,1085625,setoran,2023-08-09 00:42:12,73714
78722,1011921,penarikan,2023-08-08 05:09:12,52541
83898,1246024,penarikan,2023-08-29 05:48:12,62844
89324,454706,setoran,2023-08-16 10:32:12,42420
52646,730262,penarikan,2023-08-06 13:48:12,77930
25305,1399758,penarikan,2023-08-03 20:13:12,98062
11888,128212,setoran,2023-08-13 11:57:12,46048
96855,837576,penarikan,2023-07-25 22:04:12,98380
65496,339500,setoran,2023-08-06 07:17:12,91828
56879,359849,setoran,2023-09-11 23:29:12,48573
99900,562997,setoran,2023-08-01 20:39:12,67659
37712,1560438,penarikan,2023-08-30 21:25:12,82048
44002,1648943,setoran,2023-08-03 20:17:12,79132
40696,1011306,setoran,2023-08-05 23:33:12,66333
34529,788525,setoran,2023-07-22 06:21:12,69613
82409,882814,penarikan,2023-08-15 00:22:12,70487
53632,1414640,setoran,2023-08-08 22:55:12,88380
77240,1463602,penarikan,2023-07-23 23:48:12,40846
41260,1346210,setoran,2023-09-07 01:04:12,38666
61452,591009,setoran,2023-08-03 21:36:12,52067
19249,213586,penarikan,2023-09-01 18:53:12,77281
72239,1707748,penarikan,2023-07-31 14:29:12,83062
24853,1897737,penarikan,2023-09-11 12:26:12,29993
93449,295336,penarikan,2023-08-08 06:44:12,68299
83788,733205,setoran,2023-07-23 14:46:12,44000
81156,652092,setoran,2023-07-15 13:47:12,84494
89776,768699,penarikan,2023-09-02 03:08:12,22016
18648,1266304,penarikan,2023-09-03 08:01:12,16024
72510,1253861,setoran,2023-08-06 09:47:12,97112
34621,919163,penarikan,2023-08-01 07:30:12,46975
42762,895781,penarikan,2023-08-27 01:48:12,27946
42904,578948,setoran,2023-08-12 04:50:12,17432
49683,984350,setoran,2023-08-25 21:02:12,82434
57394,1611213,setoran,2023-08-20 09:38:12,34443
69673,1921723,setoran,2023-07-17 08:23:12,61524
13653,1071178,penarikan,2023-07-17 21:23:12,91871
52248,1499768,setoran,2023-08-10 17:47:12,64370
22326,1853144,setoran,2023-07-22 19:29:12,37345
85179,1551583,penarikan,2023-07-14 17:19:12,26603
21087,176805,setoran,2023-09-04 10:41:12,10539
94544,281923,penarikan,2023-08-28 12:31:12,41690
13434,184072,penarikan,2023-08-11 05:35:12,95778
88740,1268926,setoran,2023-08-10 17:59:12,41319
33367,1925068,penarikan,2023-07-22 02:12:12,33084
72365,592364,setoran,2023-07-27 09:33:12,14765
21965,698565,setoran,2023-08-11 22:15:12,37940
96120,533557,penarikan,2023-09-09 16:16:12,18053
80325,346164,penarikan,2023-09-02 01:00:12,32834
98319,260556,setoran,2023-07-30 13:17:12,41500
16972,1843978,setoran,2023-08-13 14:03:12,25946
33090,1897212,penarikan,2023-08-03 03:12:12,26980
95642,731438,setoran,2023-07-31 13:56:12,30545
68210,1589912,setoran,2023-08-27 11:32:12,25145
45146,1973133,penarikan,2023-07-26 03:01:12,24948
89451,1738347,penarikan,2023-08-15 11:08:12,62364
50623,705832,penarikan,2023-07-21 13:31:12,45790
10054,1782848,setoran,2023-09-02 16:25:12,55902
55449,1226126,setoran,2023-08-17 04:36:12,76828
94790,951391,penarikan,2023-09-04 07:44:12,79879
70471,1302968,setoran,2023-09-02 13:50:12,87001
32355,538547,setoran,2023-08-11 19:32:12,49888
60061,1944143,setoran,2023-07-31 00:31:12,65489
11541,1912927,setoran,2023-08-01 03:24:12,17129
13455,873167,penarikan,2023-08-08 21:57:12,72721
67853,632640,penarikan,2023-07-16 21:15:12,15062
44134,1912498,penarikan,2023-09-08 23:25:12,42373
34218,606204,setoran,2023-09-09 02:54:12,15536
95506,1118120,penarikan,2023-07-20 15:37:12,48495
10505,1061255,penarikan,2023-09-09 22:25:12,63243
27166,282637,setoran,2023-09-05 11:46:12,81988
22333,312174,setoran,2023-08-06 09:38:12,25558
71140,767273,penarikan,2023-09-10 21:54:12,77653
64601,584293,setoran,2023-07-29 22:55:12,99561
52040,1853421,penarikan,2023-08-14 20:25:12,14374
26944,1377033,setoran,2023-08-04 11:12:12,55040
52827,753523,penarikan,2023-07-20 06:25:12,69114
51459,1971516,setoran,2023-08-01 05:29:12,46149
71737,1765944,setoran,2023-08-06 23:39:12,26652
39701,1645482,penarikan,2023-08-14 23:31:12,66209
13514,811355,penarikan,2023-08-15 21:14:12,14190
43775,435428,setoran,2023-07-17 16:50:12,68559
73123,941628,penarikan,2023-08-06 17:17:12,13045
84073,862897,setoran,2023-08-23 07:37:12,66216
10432,1752072,setoran,2023-08-20 19:23:12,89020
72802,653045,setoran,2023-08-23 07:58:12,94780
29642,305850,penarikan,2023-09-01 04:44:12,90460
18735,1801807,setoran,2023-08-30 12:33:12,43064
96894,814197,penarikan,2023-09-04 08:42:12,98092
57352,636428,penarikan,2023-07-17 22:46:12,63633
83940,1224209,setoran,2023-08-07 05:05:12,81545
19985,1093178,setoran,2023-08-04 05:05:12,54107
93890,1322630,setoran,2023-08-20 20:35:12,60975
28899,530242,setoran,2023-08-16 08:59:12,92840
29779,374715,penarikan,2023-08-21 00:35:12,36734
28526,1783729,setoran,2023-09-13 05:48:12,34109
66261,1258772,setoran,2023-09-05 10:21:12,38100
35545,238579,setoran,2023-08-26 19:44:12,13160
77789,136924,penarikan,2023-09-08 05:49:12,58457
58653,135213,penarikan,2023-07-26 04:45:12,85013
18174,569359,penarikan,2023-07-30 14:57:12,97263
99497,732154,penarikan,2023-08-21 07:06:12,62883
54587,1778431,penarikan,2023-09-03 17:43:12,99029
66320,1266047,penarikan,2023-08-23 02:40:12,37370
68110,248408,penarikan,2023-09-06 14:08:12,44679
24728,1800835,setoran,2023-07-16 00:19:12,54002
11191,739949,penarikan,2023-07-17 20:57:12,93947
95623,1174487,penarikan,2023-08-13 15:03:12,13012
81205,1245434,penarikan,2023-07-21 08:18:12,31330
46875,1631084,setoran,2023-08-13 17:17:12,82236
15748,1583785,setoran,2023-08-04 14:19:12,50924
57529,1406234,penarikan,2023-09-02 10:52:12,14535
87773,350558,penarikan,2023-08-28 02:36:12,14087
85356,922135,penarikan,2023-09-03 02:42:12,60789
84971,504183,setoran,2023-09-03 11:10:12,94372
93187,1835415,setoran,2023-08-14 12:51:12,80762
15428,476727,setoran,2023-08-07 06:15:12,18287
87516,895543,setoran,2023-08-09 06:51:12,24096
65729,1793066,penarikan,2023-08-08 06:50:12,36064
96737,111108,penarikan,2023-08-10 00:30:12,43201
86211,612852,setoran,2023-09-06 13:52:12,91878
52152,1385100,penarikan,2023-07-25 06:02:12,26008
10446,1946327,penarikan,2023-08-06 22:41:12,16969
18101,628990,penarikan,2023-08-16 21:49:12,98454
98064,590943,penarikan,2023-07-30 02:25:12,54937
61978,866207,penarikan,2023-08-02 14:19:12,87931
74287,242375,penarikan,2023-07-29 10:33:12,28400
73068,656037,penarikan,2023-07-30 12:39:12,48419
11335,730662,setoran,2023-07-24 23:21:12,61562
55126,1417395,penarikan,2023-07-22 00:18:12,21537
83017,256169,setoran,2023-08-04 07:49:12,58927
25240,749113,penarikan,2023-08-11 08:17:12,63610
52663,1564973,setoran,2023-08-20 00:53:12,59914
21188,844066,penarikan,2023-09-01 19:14:12,93261
94745,234839,setoran,2023-08-12 01:03:12,81654
91207,1269161,penarikan,2023-08-23 14:32:12,44556
86564,1544017,setoran,2023-07-22 11:11:12,60187
95160,128476,penarikan,2023-09-01 02:41:12,32141
83025,220447,setoran,2023-09-02 21:11:12,10203
70199,1045462,penarikan,2023-09-07 09:17:12,49621
19648,615474,setoran,2023-08-26 19:59:12,46834
63866,1261220,penarikan,2023-09-04 01:59:12,24677
16431,493883,setoran,2023-07-29 01:56:12,83625
74045,1503740,setoran,2023-08-11 15:41:12,21667
64908,1449806,penarikan,2023-08-23 10:44:12,87256
32854,1829925,setoran,2023-07-27 10:42:12,51813
30735,749170,penarikan,2023-09-02 19:31:12,56763
44500,1572862,setoran,2023-08-09 19:37:12,50663
39377,1191567,penarikan,2023-08-26 13:17:12,89281
93793,555523,penarikan,2023-09-12 04:01:12,97692
22201,310322,penarikan,2023-09-05 13:36:12,36814
20682,1667864,penarikan,2023-08-15 00:21:12,67750
99453,233097,penarikan,2023-08-31 15:38:12,41292
41450,745718,penarikan,2023-09-12 22:27:12,35116
32303,1393906,setoran,2023-08-03 03:06:12,56401
13436,1822492,setoran,2023-08-22 22:36:12,60867
39244,621486,penarikan,2023-08-12 18:31:12,80323
18688,156850,penarikan,2023-08-02 05:39:12,93497
88856,1972315,penarikan,2023-07-15 23:17:12,99810
70496,1860017,setoran,2023-08-18 04:05:12,88841
16279,628637,penarikan,2023-07-14 20:21:12,91746
81862,1820774,penarikan,2023-09-07 14:36:12,15419
89162,860140,penarikan,2023-09-07 13:32:12,30037
24719,979009,penarikan,2023-08-07 08:27:12,50646
65919,525966,setoran,2023-08-25 15:06:12,10879
26460,881943,setoran,2023-07-29 04:49:12,71722
40635,1997216,setoran,2023-07-24 16:34:12,68745
16143,154759,setoran,2023-08-14 17:21:12,49902
42690,256589,setoran,2023-08-03 21:31:12,81106
22253,215833,setoran,2023-07-17 22:55:12,90084
94045,1482671,penarikan,2023-08-28 11:56:12,16395
43430,874513,penarikan,2023-07-31 02:51:12,68069
69277,926537,setoran,2023-07-31 05:27:12,88354
29708,196086,setoran,2023-09-12 18:46:12,91357
54593,1194827,penarikan,2023-08-01 04:07:12,23300
81179,540019,penarikan,2023-07-25 09:34:12,92022
29029,1580512,penarikan,2023-08-01 13:03:12,52800
63963,1728616,setoran,2023-09-06 05:50:12,15151
18501,1237846,penarikan,2023-08-07 09:02:12,40963
52347,1052728,penarikan,2023-08-07 04:09:12,52309
77690,745136,setoran,2023-07-15 20:45:12,39679
19333,1149645,setoran,2023-08-30 19:56:12,87449
11963,184114,setoran,2023-07-15 06:50:12,52245
66150,601586,penarikan,2023-08-10 16:23:12,13596
36805,260267,setoran,2023-07-24 12:22:12,68350
46655,1103692,penarikan,2023-07-17 08:26:12,40677
62842,386019,setoran,2023-07-22 05:39:12,86226
55705,236115,setoran,2023-08-27 20:19:12,13566
26403,1996902,setoran,2023-07-24 15:30:12,74082
53013,1519143,setoran,2023-07-19 18:28:12,87367
61289,1106844,penarikan,2023-07-24 12:54:12,45919
56268,1673730,setoran,2023-07-14 10:14:12,82132
40313,185947,penarikan,2023-08-15 09:34:12,50413
16043,220603,setoran,2023-08-26 02:43:12,40428
13059,1144656,setoran,2023-08-08 03:24:12,63268
75112,349693,setoran,2023-07-20 03:21:12,98078
66043,1517798,setoran,2023-09-03 23:42:12,31544
97601,642269,penarikan,2023-09-04 14:02:12,20113
88531,1645452,setoran,2023-07-20 00:53:12,88465
93349,1469589,penarikan,2023-09-07 01:52:12,13068
64139,1356248,penarikan,2023-08-07 02:55:12,37132
70506,129433,penarikan,2023-08-08 12:14:12,60252
41599,1892953,penarikan,2023-08-15 18:36:12,64733
33770,1751212,setoran,2023-09-10 05:48:12,28630
12119,1097748,setoran,2023-07-31 04:04:12,14218
41515,688919,penarikan,2023-09-04 13:37:12,48328
27011,1105706,penarikan,2023-08-06 00:03:12,12573
32249,775051,setoran,2023-08-10 20:18:12,42746
93214,1453569,setoran,2023-09-03 05:33:12,34235
63214,131725,setoran,2023-08-23 07:10:12,28792
42389,1252840,penarikan,2023-07-15 23:35:12,91198
33632,1230350,setoran,2023-08-11 00:24:12,78845
79254,1403753,penarikan,2023-08-10 14:31:12,99648
70145,1053363,setoran,2023-08-07 06:23:12,35096
44973,1956207,setoran,2023-08-07 08:15:12,22713
51952,679624,setoran,2023-08-25 02:25:12,63710
88021,1321645,setoran,2023-08-27 04:30:12,54475
41576,500513,setoran,2023-07-20 19:11:12,18637
95202,1371101,setoran,2023-08-10 02:05:12,87204
83629,1781693,setoran,2023-08-05 08:33:12,43722
65096,994114,penarikan,2023-07-29 23:03:12,41242
75730,1271758,penarikan,2023-08-04 13:54:12,86934
26185,1165539,penarikan,2023-08-15 04:12:12,91135
31169,1809943,penarikan,2023-09-12 14:32:12,79601
98239,399245,setoran,2023-08-03 09:29:12,39044
80391,274085,setoran,2023-07-19 00:56:12,51395
16667,1652653,penarikan,2023-08-10 00:36:12,75576
41313,1448290,penarikan,2023-08-27 04:08:12,90196
19647,681746,penarikan,2023-08-03 15:17:12,15998
51169,899138,setoran,2023-09-06 14:28:12,69200
45868,1731376,penarikan,2023-08-09 19:32:12,88770
66515,278179,penarikan,2023-07-20 15:33:12,56341
15958,262856,setoran,2023-09-06 23:07:12,99762
93119,1320441,setoran,2023-08-11 13:59:12,16875
88257,449680,setoran,2023-07-23 01:01:12,85135
37929,935092,penarikan,2023-07-25 13:31:12,46566
55939,1467442,setoran,2023-08-25 11:23:12,94912
88792,1269468,setoran,2023-07-24 18:19:12,56769
22094,1416992,setoran,2023-08-26 01:22:12,91927
95483,1722162,penarikan,2023-08-12 21:16:12,83408
81319,1335011,setoran,2023-08-30 10:02:12,18415
98399,1296141,penarikan,2023-07-17 14:52:12,46266
38708,680687,setoran,2023-07-24 06:06:12,32517
44020,691501,setoran,2023-09-08 14:27:12,74051
18319,600366,penarikan,2023-08-15 00:51:12,97209
92699,1057240,setoran,2023-08-02 20:33:12,92184
50311,134454,penarikan,2023-09-04 14:54:12,96964
99218,1172046,setoran,2023-07-30 23:16:12,47694
73886,1988517,setoran,2023-08-16 20:20:12,14963
76423,193002,setoran,2023-08-28 15:19:12,46728
90999,103337,penarikan,2023-07-17 20:43:12,55362
30832,1340833,setoran,2023-08-23 06:24:12,23355
84322,1527482,setoran,2023-07-23 10:19:12,70420
32497,1731936,setoran,2023-08-29 19:04:12,72527
20955,498280,penarikan,2023-07-25 05:43:12,86584
85808,1631649,penarikan,2023-07-27 14:12:12,55136
58558,812804,penarikan,2023-08-24 10:13:12,39277
26417,108028,penarikan,2023-09-09 05:28:12,94201
70566,811974,penarikan,2023-08-22 16:40:12,90474
21081,1339300,penarikan,2023-07-19 03:09:12,21598
69881,681612,setoran,2023-09-01 01:42:12,66618
42680,324419,penarikan,2023-08-22 06:07:12,15327
14269,976735,penarikan,2023-08-07 23:36:12,39434
39397,296365,penarikan,2023-09-05 18:57:12,15224
87806,905022,penarikan,2023-07-19 05:51:12,32283
87223,930788,setoran,2023-08-06 11:19:12,54816
34624,379800,setoran,2023-09-09 09:18:12,40261
50959,1311339,penarikan,2023-08-11 12:40:12,64575
45320,1490087,setoran,2023-09-12 05:40:12,73767
63289,1868385,setoran,2023-09-08 15:58:12,58670
63036,890563,penarikan,2023-07-20 19:20:12,34660
99197,251912,setoran,2023-08-04 01:59:12,84698
11156,879781,setoran,2023-07-16 08:31:12,55822
65986,831966,penarikan,2023-07-20 14:18:12,19563
28698,1185453,penarikan,2023-07-15 16:53:12,37887
58360,156037,setoran,2023-08-26 18:15:12,48774
34455,611198,penarikan,2023-09-01 22:29:12,70645
48625,834690,penarikan,2023-09-10 03:58:12,14381
97202,706488,setoran,2023-08-04 22:15:12,85853
14248,1369822,penarikan,2023-07-17 03:57:12,63552
83437,1385870,setoran,2023-09-03 07:22:12,25178
60116,682795,penarikan,2023-07-26 16:02:12,75049
44418,1332368,penarikan,2023-08-14 09:51:12,75162
29884,1297351,penarikan,2023-09-01 09:46:12,42537
99415,1540888,penarikan,2023-08-25 15:56:12,66889
53535,1450248,setoran,2023-08-25 05:03:12,27843
50177,1704343,penarikan,2023-07-20 05:50:12,89195
78751,1966273,setoran,2023-08-12 21:58:12,85125
80139,161172,setoran,2023-07-30 17:32:12,71898
32109,511529,setoran,2023-08-30 13:12:12,43348
47143,553426,penarikan,2023-08-20 03:57:12,53461
30727,1516764,setoran,2023-08-08 06:49:12,63963
70626,988297,setoran,2023-07-30 20:24:12,82642
87542,1048195,penarikan,2023-08-29 18:32:12,13839
24703,1208797,setoran,2023-08-03 20:14:12,77162
30392,1387809,penarikan,2023-08-07 21:45:12,21444
71324,1477298,penarikan,2023-07-29 11:49:12,89091
70733,1736659,setoran,2023-07-31 09:36:12,14218
92785,1773142,penarikan,2023-09-05 20:25:12,55419
86062,1024539,penarikan,2023-08-22 02:02:12,91903
52056,763104,setoran,2023-07-20 06:22:12,87807
75785,237894,penarikan,2023-08-14 09:30:12,62582
75344,361314,penarikan,2023-09-02 03:28:12,27764
88031,574066,setoran,2023-07-23 19:30:12,52309
48600,125619,setoran,2023-08-22 22:33:12,55576
19285,589266,penarikan,2023-08-01 03:23:12,41187
98933,1851573,penarikan,2023-07-15 15:32:12,89311
85312,335321,setoran,2023-08-28 14:47:12,73005
46688,425688,penarikan,2023-07-19 00:28:12,42508
64190,179506,penarikan,2023-08-11 19:31:12,61023
64019,1043452,setoran,2023-08-30 17:33:12,29577
49339,330255,setoran,2023-08-31 14:11:12,60804
51922,1279368,setoran,2023-07-20 11:07:12,71764
90658,1873038,setoran,2023-09-02 10:17:12,76175
33845,1267667,penarikan,2023-08-06 07:27:12,37842
91334,523570,penarikan,2023-07-25 20:03:12,10330
66326,545152,setoran,2023-07-28 09:45:12,33805
83431,595903,setoran,2023-09-05 11:22:12,46309
76084,221415,setoran,2023-09-09 07:24:12,89950
17296,807848,setoran,2023-08-21 01:00:12,68964
16067,439746,penarikan,2023-08-16 20:30:12,75043
88988,519189,penarikan,2023-08-24 21:25:12,87689
42386,567292,penarikan,2023-07-16 06:51:12,51604
39129,290250,penarikan,2023-08-16 17:23:12,91237
44552,615424,setoran,2023-08-01 18:17:12,62929
81838,289992,setoran,2023-07-22 18:13:12,29672
76336,747883,penarikan,2023-09-03 03:31:12,86594
62057,1753516,setoran,2023-09-04 12:50:12,10572
15125,143408,setoran,2023-07-23 00:00:12,32737
41148,854091,penarikan,2023-07-30 19:23:12,80817
85698,111127,penarikan,2023-08-18 20:07:12,47743
27188,421058,penarikan,2023-07-19 16:50:12,48045
53175,1659972,setoran,2023-08-02 20:57:12,84579
98441,306189,setoran,2023-09-03 06:36:12,23066
57037,1874640,setoran,2023-07-26 02:45:12,47861
73806,475861,setoran,2023-07-17 15:49:12,82830
96528,1879272,penarikan,2023-07-20 07:47:12,84646
26453,1352665,penarikan,2023-07-16 09:57:12,57800
33287,884265,setoran,2023-09-11 13:40:12,74196
65808,1173752,penarikan,2023-08-26 09:19:12,91955
85567,208263,penarikan,2023-07-25 05:40:12,68455
97393,863048,setoran,2023-08-01 08:25:12,69486
19575,1146447,setoran,2023-09-02 23:31:12,99649
89533,660747,setoran,2023-08-24 19:12:12,20118
70097,1911428,setoran,2023-08-29 06:59:12,61910
68754,1142807,setoran,2023-08-20 13:12:12,66001
20129,1855264,penarikan,2023-07-24 10:04:12,77541
86909,720240,setoran,2023-09-03 03:13:12,51274
72465,1656210,penarikan,2023-07-20 19:08:12,17976
14753,1783621,penarikan,2023-07-20 18:39:12,36732
33175,1703503,penarikan,2023-09-01 00:44:12,54133
78037,1764092,penarikan,2023-08-08 17:24:12,46375
87608,1009330,setoran,2023-08-29 20:19:12,56881
71738,1380460,penarikan,2023-07-17 20:06:12,72747
11809,510751,penarikan,2023-08-07 08:29:12,62120
99248,1169272,penarikan,2023-08-12 22:47:12,95340
14649,488900,penarikan,2023-08-11 07:02:12,47692
62747,1397656,setoran,2023-07-15 19:34:12,38981
56426,898134,penarikan,2023-08-07 03:15:12,10178
71428,1600331,penarikan,2023-09-08 20:57:12,40523
64914,1252242,penarikan,2023-08-05 17:07:12,90257
23551,848011,setoran,2023-08-30 00:51:12,55866
81684,1225383,penarikan,2023-08-24 02:12:12,57110
32221,327022,setoran,2023-07-19 09:26:12,10095
39537,1891121,setoran,2023-08-08 22:12:12,84451
79222,616239,setoran,2023-07-21 18:05:12,77135
24105,1195900,setoran,2023-07-24 22:40:12,35568
73902,1513980,setoran,2023-08-28 18:56:12,26739
85154,1209132,setoran,2023-07-29 17:37:12,76258
